y_true,y_pred
0.3908629441624365,0.622343568376478
0.4416243654822335,0.6581069678292927
0.4111675126903553,0.6379083467843312
0.4467005076142132,0.6640706054466092
0.3147208121827411,0.6141562171469819
0.3350253807106599,0.6348694416685697
0.4771573604060913,0.7080678901089875
0.4213197969543147,0.7162188604478161
0.3908629441624365,0.6662889551306467
0.4974619289340101,0.6907114918187346
0.350253807106599,0.6679178508847359
0.3756345177664975,0.6842008938005697
0.3857868020304568,0.7183534715593147
0.3096446700507614,0.6836386427462382
0.2893401015228426,0.6822047672901639
0.2182741116751269,0.6331206807608409
0.3756345177664975,0.6643539476046509
0.4010152284263959,0.673206673725518
0.2842639593908629,0.590426611367516
0.365482233502538,0.6495279854721506
0.1979695431472081,0.6719820316857092
0.3045685279187817,0.6615394618515964
0.3401015228426396,0.5757773982478197
0.3705583756345177,0.5552672359238225
0.3350253807106599,0.5529269069092403
0.2436548223350254,0.5782941462354001
0.2385786802030456,0.5616646589737031
0.2436548223350254,0.5823147457138709
0.350253807106599,0.576013347890056
0.4111675126903553,0.5768879186578177
0.3147208121827411,0.5866144724413974
0.3045685279187817,0.6098864155808096
0.3299492385786802,0.5742966185860616
0.4111675126903553,0.5986988882564529
0.299492385786802,0.582203798589841
0.4314720812182741,0.5813404400662455
0.3147208121827411,0.6759028438697045
0.1675126903553299,0.6818585498991542
0.4619289340101523,0.6789956110009362
0.4263959390862944,0.7185653651554993
0.3705583756345177,0.6663303687869769
0.4060913705583756,0.6454817081451292
0.4314720812182741,0.6147779857818233
0.3857868020304568,0.6269681182748508
0.4873096446700508,0.6766366710202913
0.3959390862944162,0.6690879361308759
0.2436548223350254,0.6488363045999673
0.3045685279187817,0.6772124561094841
0.416243654822335,0.680148044353395
0.3959390862944162,0.6791780160093213
0.3401015228426396,0.69657609633714
0.3451776649746192,0.6646557292124118
0.416243654822335,0.6877252320132695
0.4974619289340101,0.6708778941291633
0.3857868020304568,0.6683848660461922
0.2944162436548223,0.6845284829523552
0.3553299492385787,0.6678294842694072
0.4923857868020304,0.7043218938772917
0.4416243654822335,0.7099262594625058
0.4213197969543147,0.7096627997176654
0.4060913705583756,0.6476370512837134
0.5380710659898477,0.6940456537119115
0.4619289340101523,0.669861006587865
0.4365482233502538,0.6616096802538693
0.4365482233502538,0.6803256454165043
0.5076142131979695,0.6401679644912315
0.4365482233502538,0.6791629975675016
0.4873096446700508,0.6388901107723455
0.4720812182741117,0.6808483054936444
0.5177664974619289,0.6865208829582907
0.482233502538071,0.6554294103943585
0.3401015228426396,0.6613383341523503
0.416243654822335,0.7005569519888676
0.4923857868020304,0.7211023149110111
0.3604060913705584,0.7117271262764763
0.4619289340101523,0.699483528598708
0.4619289340101523,0.6853510996248199
0.5329949238578681,0.6554107126607247
0.6345177664974619,0.6806367245574452
0.5532994923857868,0.661568676572247
0.416243654822335,0.653867580179397
0.4568527918781725,0.6394685377948165
0.482233502538071,0.6126809314460913
0.5126903553299492,0.649275707959615
0.416243654822335,0.6449328233506221
0.4365482233502538,0.7712052099953168
0.4568527918781725,0.6870532082249341
0.5177664974619289,0.6540743105975491
0.6192893401015228,0.6704440392686015
0.5177664974619289,0.6566342659636473
0.5076142131979695,0.6833948159179538
0.5736040609137056,0.6451671092420016
0.5583756345177665,0.6804865057205138
0.4923857868020304,0.6933385997533899
0.4771573604060913,0.6799888170650905
0.4517766497461929,0.6476761813880412
0.5279187817258884,0.6642362481898414
0.6598984771573604,0.6982752580291288
0.6598984771573604,0.660720406538935
0.583756345177665,0.6169279816610631
0.3857868020304568,0.6741627967272891
0.5989847715736041,0.6762347783765797
0.416243654822335,0.6901842003153553
0.4771573604060913,0.6773844060274761
0.4263959390862944,0.6819499929789097
0.6903553299492385,0.6523735671241687
0.5939086294416244,0.6433487852807509
0.5126903553299492,0.6533990786547971
0.482233502538071,0.6512616857270733
0.5939086294416244,0.6577203020060842
0.5482233502538071,0.6497869482255365
0.467005076142132,0.6549406896083227
0.3908629441624365,0.6408160836975074
0.5888324873096447,0.6644389952324145
0.4720812182741117,0.6572613502110837
0.482233502538071,0.6559505453725123
0.5786802030456852,0.6890069919772374
0.5279187817258884,0.6758406929686721
0.467005076142132,0.7064312723619649
0.4060913705583756,0.7097853858332033
0.4111675126903553,0.6961825450630827
0.5939086294416244,0.6876570214256374
0.4619289340101523,0.6830344760413876
0.3604060913705584,0.7072902729476945
0.4517766497461929,0.7302834073809872
0.4619289340101523,0.7401438909805969
0.467005076142132,0.7083798030326072
0.4213197969543147,0.7187075671563343
0.5583756345177665,0.729060548698859
0.5939086294416244,0.7267650386687166
0.5736040609137056,0.7538350717628486
0.365482233502538,0.7327413323792011
0.583756345177665,0.7297694268740947
0.5532994923857868,0.696836885933748
0.4568527918781725,0.7061398153302579
0.5736040609137056,0.6720329279334776
0.4568527918781725,0.6797009981125695
0.5583756345177665,0.6919572648231642
0.5076142131979695,0.7417920878806767
0.5736040609137056,0.7227923998136541
0.4771573604060913,0.7468016129408946
0.4923857868020304,0.7239713732604516
0.482233502538071,0.7071980886789079
0.4111675126903553,0.7291309779123153
0.5482233502538071,0.7256700574038467
0.4720812182741117,0.7006874021060561
0.5025380710659898,0.7090395151311498
0.4263959390862944,0.6995492144179204
0.3705583756345177,0.6896493980203087
0.3604060913705584,0.6881463710340469
0.416243654822335,0.6792263657261863
0.4060913705583756,0.7049520200864579
0.5228426395939086,0.706467250959876
0.4213197969543147,0.7122900730893637
0.5736040609137056,0.6854920267516447
0.5126903553299492,0.6958286059681235
0.4365482233502538,0.6749396997997681
0.4873096446700508,0.6843592630369218
0.4213197969543147,0.6969193939487537
0.467005076142132,0.6908698986710304
0.3959390862944162,0.6980016034964964
0.4365482233502538,0.6977078322696395
0.4517766497461929,0.5864657618091015
0.4873096446700508,0.5998733271756911
0.4923857868020304,0.5978231570854315
0.482233502538071,0.5828629830181835
0.583756345177665,0.6076028327952674
0.5329949238578681,0.5986180162340905
0.6142131979695431,0.6045237345948051
0.6446700507614214,0.5967864082577439
0.5532994923857868,0.6036414532662832
0.5939086294416244,0.6259335438377913
0.5888324873096447,0.6455476338562047
0.467005076142132,0.6053384952355431
0.6446700507614214,0.6071827844724045
0.5126903553299492,0.5903606823298239
0.4720812182741117,0.6090568952698651
0.5126903553299492,0.6205940146402555
0.4060913705583756,0.6022624234674807
0.4923857868020304,0.6247606297120629
0.5736040609137056,0.6470533175337947
0.5279187817258884,0.6460780982518073
0.6040609137055838,0.6278188150395456
0.5583756345177665,0.6334643402548348
0.4060913705583756,0.60585991618709
0.4467005076142132,0.6531216807246999
0.467005076142132,0.6482383495182844
0.5482233502538071,0.6053288404670933
0.5126903553299492,0.6178161018614992
0.4314720812182741,0.6263607753016337
0.4314720812182741,0.636222648213571
0.3857868020304568,0.6067695503790672
0.3908629441624365,0.5875571063068441
0.5329949238578681,0.6196448977976541
0.4213197969543147,0.6346883270295635
0.5939086294416244,0.6550186663062885
0.6598984771573604,0.5819081585488675
0.4720812182741117,0.7046079686474807
0.4619289340101523,0.6997163610740322
0.5126903553299492,0.6966610617679564
0.4111675126903553,0.6983964487918388
0.5076142131979695,0.6921376102639247
0.5025380710659898,0.7269841257037143
0.4923857868020304,0.7250875783890185
0.4974619289340101,0.697745639903596
0.5888324873096447,0.6871326843045134
0.583756345177665,0.6849026007725757
0.5025380710659898,0.671523906456458
0.6091370558375635,0.6706548714636946
0.4771573604060913,0.7002233157536115
0.5177664974619289,0.6977477542755974
0.5685279187817259,0.6748096144039049
0.5786802030456852,0.6751306012311336
0.5532994923857868,0.6776226144114343
0.6040609137055838,0.6797234537603777
0.4619289340101523,0.6852783088462118
0.3908629441624365,0.6638720878234572
0.4111675126903553,0.6837277050091405
0.482233502538071,0.6583642543777177
0.5532994923857868,0.6665943617488155
0.5025380710659898,0.6462242150862594
0.4873096446700508,0.6734734130273666
0.5685279187817259,0.6632369279957426
0.5076142131979695,0.664224925197701
0.482233502538071,0.6396192106328378
0.5888324873096447,0.6767462234114329
0.5989847715736041,0.6312882287426126
0.4314720812182741,0.6689340193440876
0.5431472081218274,0.7074127481313801
0.5177664974619289,0.6657324738472447
0.6243654822335025,0.6860505067834137
0.5888324873096447,0.6709553327465618
0.6243654822335025,0.7065617776871471
0.5329949238578681,0.7482214945956529
0.5786802030456852,0.6914558857577161
0.482233502538071,0.678069633160023
0.4568527918781725,0.7618901535387792
0.5279187817258884,0.7103500207410562
0.6395939086294417,0.7474371489810872
0.467005076142132,0.7477916741611343
0.4416243654822335,0.7175747891170736
0.4416243654822335,0.7346328783024723
0.4568527918781725,0.7283577405370365
0.4365482233502538,0.7087876633240978
0.6751269035532995,0.724163970810707
0.5279187817258884,0.8799370996712508
0.4568527918781725,0.687850223564792
0.5177664974619289,0.7018355446282761
0.5076142131979695,0.6806402102827642
0.5177664974619289,0.7037182163122493
0.5431472081218274,0.6734228290841844
0.4111675126903553,0.6683276536024113
0.5431472081218274,0.7066541247748837
0.5025380710659898,0.7118465685058737
0.583756345177665,0.6767438320006097
0.3350253807106599,0.6363844051401841
0.3299492385786802,0.6267426411820859
0.3045685279187817,0.607918042674251
0.2690355329949238,0.5788063358390261
0.3451776649746192,0.5859293809755368
0.3756345177664975,0.622682313599299
0.4060913705583756,0.5823753673475907
0.3959390862944162,0.6068008823873521
0.365482233502538,0.6310073165765362
0.350253807106599,0.5994280720575973
0.2538071065989847,0.5919862047236432
0.3197969543147208,0.5943801566262388
0.3401015228426396,0.5879323888371452
0.4314720812182741,0.6103392414026116
0.4060913705583756,0.5867168151249995
0.3045685279187817,0.5805870588038688
0.2588832487309644,0.5715208019881788
0.3604060913705584,0.6014345307878389
0.3553299492385787,0.5611533367058595
0.2944162436548223,0.5658043930737626
0.3451776649746192,0.5560345080164472
0.3756345177664975,0.6012781744158677
0.4263959390862944,0.624587416449435
0.3756345177664975,0.5864763577284391
0.3908629441624365,0.5833821025066112
0.3197969543147208,0.5573217671403761
0.4416243654822335,0.5780816323647767
0.4314720812182741,0.5691937720124276
0.4619289340101523,0.6347368417767649
0.3197969543147208,0.6045650143419201
0.3197969543147208,0.5992249084833379
0.3350253807106599,0.6129537174344797
0.3553299492385787,0.5828008258143501
0.3197969543147208,0.636861330182535
0.4111675126903553,0.6263376668132505
0.4263959390862944,0.6216016575156967
0.3959390862944162,0.6738776629679836
0.4010152284263959,0.6135309278788612
0.3705583756345177,0.5789184784789388
0.3807106598984771,0.5953594233800644
0.3299492385786802,0.6190388057546102
0.3908629441624365,0.6137128211310957
0.3908629441624365,0.6147167289955358
0.3299492385786802,0.6102763809199854
0.3299492385786802,0.6419131296429472
0.3705583756345177,0.6235722407013028
0.3807106598984771,0.6518991682849414
0.3604060913705584,0.5993419272557658
0.3553299492385787,0.6048251520684599
0.4314720812182741,0.5965991727788436
0.3350253807106599,0.6062104774763739
0.3096446700507614,0.5931217614834121
0.3401015228426396,0.5923014485282959
0.2791878172588832,0.571882613498531
0.3857868020304568,0.5948323614130773
0.2385786802030456,0.5729300265254401
0.2690355329949238,0.5747372969185098
0.2690355329949238,0.5900580775227835
0.350253807106599,0.6049494578474277
0.2436548223350254,0.7052240986488875
0.3350253807106599,0.6029663808680851
0.2588832487309644,0.620378212741468
0.2588832487309644,0.590748399939657
0.2588832487309644,0.6362782175269406
0.4263959390862944,0.6543132641849821
0.3857868020304568,0.6440020563247939
0.3857868020304568,0.6421445894079153
0.3248730964467005,0.6357942303856335
0.4873096446700508,0.6167230303469692
0.3147208121827411,0.5891767639054932
0.3299492385786802,0.5870392715428613
0.365482233502538,0.6197328439426293
0.3451776649746192,0.6192924443227564
0.3857868020304568,0.6314462702394841
0.4213197969543147,0.5909181383520272
0.2842639593908629,0.64417501250233
0.4263959390862944,0.6712827639596873
0.3553299492385787,0.6482301659359544
0.299492385786802,0.710155266231261
0.5482233502538071,0.7279181002201267
0.3451776649746192,0.6681274043490013
0.2436548223350254,0.6231344241697276
0.2690355329949238,0.5521434850279486
0.248730964467005,0.4962006425063652
0.3553299492385787,0.555174060560719
0.0609137055837563,0.5764414933508398
0.3350253807106599,0.5523574169283214
0.3096446700507614,0.5043978066245277
0.2538071065989847,0.5212048534319359
0.4060913705583756,0.5247856120779917
0.2893401015228426,0.5701014872925575
0.4365482233502538,0.5845638494201513
0.5076142131979695,0.5502683672726185
0.3756345177664975,0.5455056579147739
0.365482233502538,0.5223601577915242
0.4568527918781725,0.5563936994393215
0.3604060913705584,0.5143377010754291
0.3248730964467005,0.5273796830533901
0.3705583756345177,0.5497055130002929
0.3248730964467005,0.5295969928670137
0.0,0.5520168237129005
0.3604060913705584,0.553048156739753
0.3451776649746192,0.5483365213319477
0.365482233502538,0.5672741396969139
0.3807106598984771,0.5578164087999266
0.3807106598984771,0.5445497270891233
0.4213197969543147,0.5699460069398888
0.3756345177664975,0.5631934546626693
0.299492385786802,0.5389864457299971
0.3350253807106599,0.535705831034629
0.4060913705583756,0.5676206875501778
0.2538071065989847,0.5829238656048273
0.3908629441624365,0.5647212745720127
0.3401015228426396,0.5714496697511902
0.4213197969543147,0.5492968002309431
0.3604060913705584,0.5567980717723546
0.4111675126903553,0.5580489006975216
0.299492385786802,0.5398142891959122
0.5228426395939086,0.5931778733142773
0.3807106598984771,0.5201079377245235
0.3248730964467005,0.5472624782602785
0.2690355329949238,0.5459094609581622
0.3401015228426396,0.5217902575698903
0.299492385786802,0.5339693707520563
0.4010152284263959,0.5240305735896705
0.3451776649746192,0.5401672564213599
0.2842639593908629,0.5983748797120414
0.3401015228426396,0.5855476424085755
0.365482233502538,0.6153547477633761
0.3604060913705584,0.6255962887926263
0.416243654822335,0.6146271325297098
0.4213197969543147,0.6846433201544877
0.3401015228426396,0.574760329962644
0.4923857868020304,0.6517381961484021
0.2893401015228426,0.626565683330885
0.3604060913705584,0.6091745941700228
0.2893401015228426,0.6146519629592959
0.3350253807106599,0.6097930102292461
0.3857868020304568,0.6262326198312155
0.4060913705583756,0.6193791706814229
0.3553299492385787,0.6245665309785197
0.3959390862944162,0.6481926281911604
0.3401015228426396,0.6320455105563749
0.3857868020304568,0.6142322086531096
0.3604060913705584,0.616563944077619
0.3197969543147208,0.5841147482496368
0.4771573604060913,0.6703488957423449
0.365482233502538,0.6193175241586494
0.4213197969543147,0.6784933412670804
0.3045685279187817,0.6543268805102235
0.3350253807106599,0.6780082043396038
0.2588832487309644,0.6704240427569843
0.4060913705583756,0.6815426669315187
0.4263959390862944,0.6603305136324966
0.482233502538071,0.6544096488372362
0.3604060913705584,0.6247139370456956
0.4010152284263959,0.6243917040725057
0.4467005076142132,0.6346965938135294
0.4974619289340101,0.6175915427582173
0.4467005076142132,0.6332452109265342
0.3959390862944162,0.6547904580083252
0.3857868020304568,0.6480591257404212
0.3807106598984771,0.6559057495896082
0.3096446700507614,0.6375249053720499
0.5532994923857868,0.6040796518591957
0.5583756345177665,0.5964218729255536
0.4467005076142132,0.6174371566916802
0.467005076142132,0.5925990505270333
0.5329949238578681,0.5819693159889642
0.4771573604060913,0.6121953862474391
0.5380710659898477,0.667795683161365
0.4873096446700508,0.5896051861957001
0.4060913705583756,0.6018252281972771
0.482233502538071,0.615140592359055
0.4467005076142132,0.6021375769619224
0.4923857868020304,0.6007500502488567
0.4517766497461929,0.6197048867358537
0.5025380710659898,0.7174283386957109
0.4365482233502538,0.608120138816576
0.5177664974619289,0.6253927104570315
0.467005076142132,0.5946950125765555
0.5177664974619289,0.6311174237927397
0.4923857868020304,0.6240705290966333
0.2131979695431472,0.6372498350250598
0.5177664974619289,0.6707926498360448
0.4568527918781725,0.6187265512645442
0.4720812182741117,0.5994063190352877
0.4517766497461929,0.5848554113207699
0.365482233502538,0.5879720853085587
0.5228426395939086,0.6001055674945506
0.4568527918781725,0.6163031096052415
0.5431472081218274,0.6089568312948092
0.4416243654822335,0.587746371484098
0.5736040609137056,0.6217980157316605
0.467005076142132,0.6334215324303443
0.5431472081218274,0.5692308306575851
0.6040609137055838,0.5770645172109033
0.4263959390862944,0.5703883970090262
0.4263959390862944,0.5581045857185352
0.4720812182741117,0.5820973533606366
0.4314720812182741,0.5832516723825305
0.4111675126903553,0.5880692825898652
0.5736040609137056,0.6320454022566627
0.5634517766497462,0.5952782078364184
0.467005076142132,0.6062042896929224
0.5380710659898477,0.6351601807705757
0.4568527918781725,0.613573718843221
0.5939086294416244,0.6106725565391777
0.5482233502538071,0.5896614815369787
0.5634517766497462,0.5815839469594793
0.4467005076142132,0.5836674130827475
0.4720812182741117,0.5806489669537409
0.4568527918781725,0.6084364794565159
0.4517766497461929,0.6011020340361721
0.5177664974619289,0.5863498503599357
0.5634517766497462,0.5723475640595395
0.3908629441624365,0.5729210134958448
0.467005076142132,0.5599532732544985
0.4517766497461929,0.5732766228938764
0.5126903553299492,0.6382393774227313
0.4923857868020304,0.6353052753248559
0.5380710659898477,0.6343578301542364
0.4111675126903553,0.6704307724097346
0.416243654822335,0.6443597073830486
0.4416243654822335,0.6579256448959623
0.467005076142132,0.6694987558301614
0.4416243654822335,0.6453670490716141
0.467005076142132,0.6125610709743329
0.4416243654822335,0.6785087930639222
0.6446700507614214,0.6831156736346119
0.5736040609137056,0.6871582799063514
0.5076142131979695,0.6023150504264003
0.4010152284263959,0.6168192848912516
0.4365482233502538,0.6446060251452008
0.4314720812182741,0.6398688537188622
0.467005076142132,0.6415645830914706
0.482233502538071,0.638111076915006
0.6040609137055838,0.6624256614780639
0.4416243654822335,0.6607303878167254
0.4111675126903553,0.6575462501507794
0.5177664974619289,0.6986964170884561
0.4771573604060913,0.6641678914189395
0.5736040609137056,0.6232776872471548
0.5532994923857868,0.6330192408024754
0.5025380710659898,0.6208040483631561
0.5786802030456852,0.6627001461018318
0.4365482233502538,0.6768293542155424
0.3908629441624365,0.6238144401599159
0.5380710659898477,0.6174061931168998
0.4467005076142132,0.6299421971017893
0.4568527918781725,0.6258901238236951
0.482233502538071,0.6313041254795863
0.4771573604060913,0.6680918939162771
0.5786802030456852,0.7193707894160949
0.4213197969543147,0.611253427641992
0.3553299492385787,0.6306998464306113
0.3756345177664975,0.6348653419616455
0.4923857868020304,0.646948219396757
0.4771573604060913,0.6476996555680743
0.4263959390862944,0.6419879262780969
0.3857868020304568,0.6162788433005769
0.416243654822335,0.613997822961018
0.5431472081218274,0.6143086995936997
0.4923857868020304,0.6020664330007355
0.4974619289340101,0.6199923186902583
0.4568527918781725,0.614124762546128
0.5177664974619289,0.6212145858460257
0.5126903553299492,0.6051748863749844
0.4213197969543147,0.6023177507236087
0.5177664974619289,0.6029285028823117
0.4517766497461929,0.6109584958086357
0.5736040609137056,0.610404667801824
0.5736040609137056,0.6038775773807227
0.6243654822335025,0.6146873280527423
0.5583756345177665,0.6120167530630891
0.5583756345177665,0.628202901360374
0.3553299492385787,0.6476645629695411
0.6446700507614214,0.6818818548068298
0.5126903553299492,0.6121114015753458
0.4416243654822335,0.5980146186677511
0.5228426395939086,0.623666580172916
0.4365482233502538,0.6452995259825142
0.5025380710659898,0.6312020740299981
0.4619289340101523,0.6206415239792655
0.583756345177665,0.6147179393820512
0.482233502538071,0.6118320177668851
0.4923857868020304,0.6323641352164955
0.6142131979695431,0.6306226658001595
0.5989847715736041,0.6520857740641293
0.5685279187817259,0.6175323230450258
0.5786802030456852,0.658658011250975
0.5786802030456852,0.6119911416691649
0.583756345177665,0.6336465019239022
0.4974619289340101,0.6189193424502146
0.6243654822335025,0.65822509455509
0.5482233502538071,0.6250499738019955
0.4416243654822335,0.6203029909250707
0.416243654822335,0.5970614050119653
0.4416243654822335,0.6210455110739498
0.4467005076142132,0.6233448001182441
0.4517766497461929,0.6328863866375637
0.4974619289340101,0.603837532102437
0.5228426395939086,0.6115518976165321
0.4467005076142132,0.603741182768724
0.4771573604060913,0.6093315851907514
0.4010152284263959,0.5834378417611792
0.4873096446700508,0.6145625395212648
0.482233502538071,0.6201007575800894
0.4365482233502538,0.6159607838132682
0.4213197969543147,0.6181739675789115
0.4771573604060913,0.6031022847756105
0.4923857868020304,0.6066838339114269
0.4416243654822335,0.6667653844943084
0.4619289340101523,0.6424707719454981
0.4517766497461929,0.6020538702027627
0.4619289340101523,0.6061002615474754
0.5329949238578681,0.6532458350675621
0.5279187817258884,0.625927124095581
0.4923857868020304,0.6287154054946391
0.5126903553299492,0.6255088819358856
0.4467005076142132,0.5744848312324023
0.5329949238578681,0.6413752692968175
0.4416243654822335,0.6444115650361173
0.4873096446700508,0.6143236764287505
0.5989847715736041,0.6196737912231897
0.4517766497461929,0.6044411723624952
0.5786802030456852,0.5999686429001603
0.5228426395939086,0.5824490520405067
0.5380710659898477,0.600895555241922
0.5228426395939086,0.7029655925441014
0.5431472081218274,0.5996081435343719
0.4213197969543147,0.5918466005053076
0.4467005076142132,0.5594309522040689
0.3857868020304568,0.5720858790437597
0.4720812182741117,0.6147671451037422
0.4974619289340101,0.6238289091515195
0.5634517766497462,0.6336597963731252
0.5076142131979695,0.5888578801386288
0.4517766497461929,0.5752731666564291
0.5532994923857868,0.6327225359101073
0.5431472081218274,0.5969408600817814
0.4060913705583756,0.5911602421166029
0.6294416243654822,0.6093668781942582
0.5076142131979695,0.6118461066456352
0.5431472081218274,0.7275269291420515
0.5025380710659898,0.6475553649938718
0.5228426395939086,0.6607602396970724
0.467005076142132,0.6674711987620922
0.4873096446700508,0.6610161567754876
0.4467005076142132,0.6529123470026701
0.5279187817258884,0.6463330722156897
0.3401015228426396,0.6595362534148437
0.467005076142132,0.6542063562891431
0.365482233502538,0.6649937937599599
0.5025380710659898,0.6582855119903068
0.3756345177664975,0.6348831127105442
0.4873096446700508,0.6249649587205965
0.4619289340101523,0.5570723317115192
0.4416243654822335,0.5557022685797566
0.5076142131979695,0.622607487442385
0.4568527918781725,0.5735237565605934
0.4923857868020304,0.5856648948897126
0.416243654822335,0.5664059788959513
0.5126903553299492,0.5836426940416582
0.3756345177664975,0.5219157322166704
0.5380710659898477,0.5764839252187982
0.5025380710659898,0.5597885876610363
0.5431472081218274,0.6334142307989006
0.5786802030456852,0.5916595960609503
0.3959390862944162,0.5570197660040259
0.4314720812182741,0.5554308842502975
0.5329949238578681,0.6370805984058187
0.5380710659898477,0.5977227427179764
0.5380710659898477,0.6021874456000957
0.4263959390862944,0.573894179163192
0.5126903553299492,0.5818599697646585
0.583756345177665,0.6552039953393621
0.4365482233502538,0.6015726087092456
0.4467005076142132,0.5412324480263424
0.5126903553299492,0.5746365608256682
0.4873096446700508,0.5954949280872539
0.4416243654822335,0.5510292874996865
0.4263959390862944,0.5848757294446457
0.4923857868020304,0.5613349214913597
0.5076142131979695,0.5595154477713058
0.4213197969543147,0.5809389968377041
0.4720812182741117,0.558191118626392
0.3756345177664975,0.5707518591708369
0.5583756345177665,0.5908076892534294
0.4060913705583756,0.5589126820722473
0.4517766497461929,0.575592688412752
0.5380710659898477,0.5578984608992783
0.4060913705583756,0.5583582738186142
0.4517766497461929,0.5417053620775452
0.5126903553299492,0.5309307255627944
0.4771573604060913,0.565456377712798
0.4923857868020304,0.5580878492967265
0.5279187817258884,0.5559021361775132
0.4263959390862944,0.5564537449587034
0.5431472081218274,0.5503299848424867
0.467005076142132,0.5646395527865048
0.5177664974619289,0.5321175407719706
0.3299492385786802,0.5431113104138209
0.5228426395939086,0.5567237600646251
0.4873096446700508,0.5573258594509316
0.4314720812182741,0.5580531131318953
0.4771573604060913,0.5484025081409869
0.4314720812182741,0.5708462888291383
0.4467005076142132,0.5753589533226364
0.5431472081218274,0.5656822252548298
0.5634517766497462,0.5781046286581589
0.583756345177665,0.5773810609328826
0.1472081218274111,0.5703807013987597
0.6091370558375635,0.6218195073063085
0.3248730964467005,0.608250439124438
0.4467005076142132,0.587780654985556
0.4467005076142132,0.5874857205413413
0.4213197969543147,0.5748893477367881
0.5380710659898477,0.5951764233072635
0.5989847715736041,0.6609517780996386
0.5634517766497462,0.5780245902855398
0.6192893401015228,0.5771125407380777
0.6243654822335025,0.5962352692275239
0.6548223350253807,0.5663336794110145
0.6294416243654822,0.6177487194533765
0.5329949238578681,0.5581279181360277
0.5076142131979695,0.5788419813247537
0.5685279187817259,0.5485571848778872
0.4923857868020304,0.5522307450765443
0.5431472081218274,0.577828407178412
0.5329949238578681,0.5915145919010467
0.4568527918781725,0.580864893224083
0.5786802030456852,0.5891665885776877
0.5685279187817259,0.5660825584626362
0.5431472081218274,0.5719482188186251
0.5583756345177665,0.6029322536745095
0.5634517766497462,0.5667195002027587
0.5736040609137056,0.5503990844546143
0.5177664974619289,0.5328947981096064
0.4314720812182741,0.5701618877033463
0.4873096446700508,0.5788665302592007
0.5126903553299492,0.565293501560947
0.4771573604060913,0.5977617383292674
0.5634517766497462,0.6204464305422989
0.5076142131979695,0.5980116517364189
0.5583756345177665,0.5720713626421697
0.5532994923857868,0.5684797309498367
0.5482233502538071,0.573793089278127
0.4720812182741117,0.5696710642396223
0.4974619289340101,0.5800621866893538
0.4314720812182741,0.5771198287772228
0.4263959390862944,0.588866009943427
0.4517766497461929,0.581355300869657
0.5177664974619289,0.5862534631416346
0.4974619289340101,0.5821861057970498
0.5431472081218274,0.5853719904416403
0.5888324873096447,0.5816138610295188
0.4263959390862944,0.5795146590058684
0.5279187817258884,0.6075650399611261
0.4974619289340101,0.5837267043803033
0.5126903553299492,0.5674265140053016
0.5228426395939086,0.588232158556703
0.4416243654822335,0.5604294060253617
0.4111675126903553,0.5723700641471854
0.4771573604060913,0.5797830736438779
0.4974619289340101,0.562419764241877
0.5380710659898477,0.5728728927767033
0.5025380710659898,0.5814821422277916
0.5634517766497462,0.5628467475115618
0.4771573604060913,0.5608847381960772
0.4619289340101523,0.5701621168089367
0.5685279187817259,0.5902534036044529
0.5228426395939086,0.6100825323514911
0.4720812182741117,0.5763688178603036
0.5126903553299492,0.5632414577123281
0.4517766497461929,0.5650664942247476
0.5076142131979695,0.5957585378489879
0.5532994923857868,0.5729535799801753
0.5228426395939086,0.5834842268197158
0.4873096446700508,0.5802218786878803
0.6091370558375635,0.5496049520915833
0.4873096446700508,0.5555510186383257
0.4873096446700508,0.6070320687146717
0.4873096446700508,0.5900183106263865
0.4720812182741117,0.5703055296838007
0.4517766497461929,0.5626760333926695
0.4365482233502538,0.5534196958249872
0.4517766497461929,0.5457670335084803
0.3959390862944162,0.6171765661277817
0.3807106598984771,0.5744552636158933
0.4619289340101523,0.5825371041488857
0.4974619289340101,0.5520650392163702
0.4873096446700508,0.5519077640883071
0.5380710659898477,0.596825132349442
0.3857868020304568,0.5766035543652388
0.4467005076142132,0.5804824709305701
0.4467005076142132,0.5790340516725374
0.5279187817258884,0.5992473953700435
0.5177664974619289,0.6087294648542794
0.5228426395939086,0.5621665976619963
0.4517766497461929,0.5726610588934393
0.5989847715736041,0.6349778463290445
0.5431472081218274,0.5968773535627165
0.467005076142132,0.5946883499703935
0.4873096446700508,0.5680165565281219
0.5380710659898477,0.6008445218021782
0.5279187817258884,0.5666958016306536
0.4517766497461929,0.5456691135205634
0.5482233502538071,0.5651580385004461
0.5583756345177665,0.5878358158233921
0.5279187817258884,0.5954814093120647
0.4720812182741117,0.5613917755607046
0.482233502538071,0.5610153048291938
0.4720812182741117,0.5696261507107935
0.5329949238578681,0.5978242836937959
0.4873096446700508,0.5583496619439832
0.4771573604060913,0.5485517357843799
0.5177664974619289,0.5805224632155846
0.4720812182741117,0.5666568832413562
0.5583756345177665,0.5738141982626898
0.5177664974619289,0.5470612760603817
0.5025380710659898,0.5544200620884516
0.4974619289340101,0.5589928886971192
0.4771573604060913,0.5663423531114513
0.4771573604060913,0.5594327886855158
0.5025380710659898,0.5655952558520833
0.4720812182741117,0.580757083966834
0.4720812182741117,0.5579103218378023
0.4568527918781725,0.5960616278024269
0.5126903553299492,0.6800954387084303
0.5380710659898477,0.6850356253831025
0.583756345177665,0.6914441495435621
0.4720812182741117,0.686661853168191
0.4619289340101523,0.6825589920299697
0.6395939086294417,0.6211266409966976
0.5228426395939086,0.6294551248468032
0.5177664974619289,0.6595643426266863
0.4974619289340101,0.6414029595016777
0.3959390862944162,0.6430586832517997
0.4974619289340101,0.6233886280859015
0.5532994923857868,0.6485227023055791
0.4974619289340101,0.6233652196256227
0.5736040609137056,0.6387608490019667
0.4720812182741117,0.6351656205009677
0.4213197969543147,0.6085180251490432
0.5482233502538071,0.6578712963787513
0.5126903553299492,0.6657876381738321
0.5025380710659898,0.6143388075115557
0.4111675126903553,0.6652704600888886
0.6700507614213198,0.667041841792638
0.7461928934010152,0.6760309378073807
0.5076142131979695,0.6283757962660861
0.5939086294416244,0.6086454807776861
0.4568527918781725,0.6092218252135119
0.5076142131979695,0.6166920299661816
0.6091370558375635,0.6231660271429056
0.5279187817258884,0.6277527102356847
0.5279187817258884,0.6213403967939656
0.5532994923857868,0.2369288276111824
0.482233502538071,0.6057022011833368
0.5532994923857868,0.6107657077966918
0.5888324873096447,0.6062328419571353
0.5583756345177665,0.616456146404874
0.5482233502538071,0.611798236868236
0.6040609137055838,0.6178592574742098
0.5685279187817259,0.5888960469612274
0.6040609137055838,0.6364758524145476
0.4263959390862944,0.6349879794447361
0.5076142131979695,0.6350994112947657
0.6649746192893401,0.6440547871987522
0.6142131979695431,0.6320216554198793
0.5634517766497462,0.6106035467994024
0.5177664974619289,0.61772661293937
0.4873096446700508,0.6434617875924878
0.4010152284263959,0.6388631437246088
0.4517766497461929,0.6236300756916138
0.4720812182741117,0.6241182768160636
0.4720812182741117,0.6286496555328648
0.4568527918781725,0.6126259362231141
0.5025380710659898,0.6352704148810073
0.5228426395939086,0.6660823520819072
0.5685279187817259,0.6399944273731148
0.4619289340101523,0.6491982750968542
0.5228426395939086,0.6271676772356141
0.5076142131979695,0.6128575157706179
0.5025380710659898,0.6262835437465949
0.6091370558375635,0.6509178714974193
0.5431472081218274,0.7163807379411841
0.4314720812182741,0.6089420499556943
0.3908629441624365,0.6106526035911698
0.5076142131979695,0.6258051100661126
0.4060913705583756,0.6033412811329798
0.5228426395939086,0.59963360987297
0.5532994923857868,0.6637740054974823
0.5329949238578681,0.6849748000118049
0.5177664974619289,0.659342337985984
0.5076142131979695,0.6119253030304098
0.4060913705583756,0.6463737626508677
0.4923857868020304,0.6435864821404124
0.5076142131979695,0.6307836361427362
0.5177664974619289,0.6711717862877509
0.5076142131979695,0.6665895668563252
0.233502538071066,0.6838522152399444
0.1522842639593908,0.657380566808628
0.5939086294416244,0.681905780312511
0.3401015228426396,0.6792701287275571
0.5685279187817259,0.7254733258870473
0.5786802030456852,0.6771146909476735
0.5431472081218274,0.6555080623984493
0.5532994923857868,0.6334155283156246
0.5583756345177665,0.6326953728578368
0.5786802030456852,0.6364172186045852
0.5888324873096447,0.6904996771492402
0.6142131979695431,0.7194120181105412
0.6548223350253807,0.7461017354033982
0.5736040609137056,0.6762259524910549
0.4263959390862944,0.6391260631437281
0.5329949238578681,0.6953053700571711
0.6243654822335025,0.7077137246589855
0.5786802030456852,0.6364790473644909
0.4974619289340101,0.6781850158107846
0.5786802030456852,0.6697166142600991
0.6192893401015228,0.6593087756260637
0.5888324873096447,0.7021659617832331
0.5228426395939086,0.7170550116929425
0.5685279187817259,0.6992226486358661
0.5786802030456852,0.6921482261609571
0.5329949238578681,0.6754318044028842
0.5329949238578681,0.6804584723045788
0.4974619289340101,0.6907275636184728
0.4923857868020304,0.682413559402357
0.4771573604060913,0.6775552632535238
0.4619289340101523,0.697291873143413
0.6091370558375635,0.6392692851306618
0.5177664974619289,0.6828611444044134
0.583756345177665,0.793529498552972
0.6395939086294417,0.7332433212995485
0.5380710659898477,0.69325731875437
0.482233502538071,0.6609232180200766
0.5076142131979695,0.6719000135675155
0.4517766497461929,0.6695350305208259
0.4568527918781725,0.6593756890529625
0.5177664974619289,0.6614666005309553
0.583756345177665,0.680685322841327
0.467005076142132,0.6632221490930927
0.467005076142132,0.6261341902889288
0.5228426395939086,0.678870998113357
0.4517766497461929,0.6342758895974272
0.4873096446700508,0.6524728746728278
0.5939086294416244,0.6818611897413553
0.4467005076142132,0.6765479225438328
0.5786802030456852,0.6823333605247385
0.3401015228426396,0.578175049812785
0.3857868020304568,0.5829156340542707
0.2791878172588832,0.5593439352747125
0.1725888324873096,0.5938735240484293
0.3248730964467005,0.6070173228729627
0.3451776649746192,0.5953274612971957
0.2436548223350254,0.6040273130373799
0.2588832487309644,0.5974076388152731
0.2436548223350254,0.6125970702188737
0.3248730964467005,0.574534688362984
0.3807106598984771,0.6145501031458551
0.3401015228426396,0.6027767042664595
0.3299492385786802,0.5733094927091418
0.2690355329949238,0.5561988516133769
0.2842639593908629,0.5656749987426559
0.3197969543147208,0.5715876345674422
0.2639593908629442,0.5901234246767286
0.2588832487309644,0.557960923168706
0.248730964467005,0.5778920032304038
0.3248730964467005,0.5831841802870059
0.2385786802030456,0.5671900756551911
0.2436548223350254,0.5929276515569301
0.3807106598984771,0.6115663030605855
0.2842639593908629,0.6058170577917231
0.3096446700507614,0.5783607492660501
0.3248730964467005,0.5936425105363125
0.2690355329949238,0.6079011018235674
0.3350253807106599,0.609347688860393
0.3096446700507614,0.5906376669372216
0.2842639593908629,0.5776594711631556
0.416243654822335,0.5887600662824044
0.2791878172588832,0.5762542751975253
0.3604060913705584,0.6128987802371625
0.3553299492385787,0.5873352868447694
0.4263959390862944,0.5968095654311503
0.2588832487309644,0.5739844321160166
0.2639593908629442,0.5669044330179887
0.1675126903553299,0.5812115439923504
0.299492385786802,0.617150723775082
0.2081218274111675,0.576041615186846
0.2538071065989847,0.5451104459720687
0.1878172588832487,0.5899095467064742
0.3350253807106599,0.6556414289573638
0.2944162436548223,0.5920480139628478
0.2791878172588832,0.5943052569023173
0.3350253807106599,0.6154008147500752
0.3401015228426396,0.5598110469815739
0.2131979695431472,0.5518425528675114
0.3299492385786802,0.5676814439764539
0.3045685279187817,0.5625277184773843
0.3299492385786802,0.5809244665328513
0.2944162436548223,0.5897816678580541
0.2842639593908629,0.6485040365674188
0.2385786802030456,0.611156205049162
0.2893401015228426,0.6122889746182673
0.2741116751269035,0.6249029380048308
0.2842639593908629,0.6523493158290807
0.350253807106599,0.6191681147310722
0.2588832487309644,0.6195294092288365
0.3553299492385787,0.5367599231676364
0.2588832487309644,0.5227760249809129
0.3553299492385787,0.5175265719775064
0.2791878172588832,0.5082469508033343
0.248730964467005,0.5039849312665234
0.1725888324873096,0.500458920333454
0.2081218274111675,0.5227740894450467
0.1421319796954314,0.4988952459633294
0.2791878172588832,0.49651686757050056
0.2182741116751269,0.5008987334460359
0.3604060913705584,0.49485226592499915
0.299492385786802,0.5100422170203496
0.2893401015228426,0.5412909135160527
0.3299492385786802,0.5400420705995012
0.299492385786802,0.5325248560836903
0.1218274111675127,0.6029415190400539
0.2842639593908629,0.550411784750919
0.2030456852791878,0.5997563467379758
0.2538071065989847,0.5571297101140115
0.2233502538071066,0.5517482939561927
0.2690355329949238,0.5413256157372253
0.2842639593908629,0.5354348581164683
0.3197969543147208,0.5679458047198256
0.3197969543147208,0.5509623962732869
0.2893401015228426,0.520858642289312
0.233502538071066,0.5884112438218071
0.3197969543147208,0.5505421699007079
0.2639593908629442,0.5413221693535247
0.2284263959390862,0.5383894318928578
0.2690355329949238,0.5351037010327003
0.299492385786802,0.5576360010057563
0.4111675126903553,0.5955931586671542
0.2436548223350254,0.6348235205059294
0.4416243654822335,0.5690740614358616
0.2284263959390862,0.6078835791290031
0.2588832487309644,0.5778586610974566
0.1624365482233502,0.5719746046864268
0.3807106598984771,0.5392321970307362
0.2791878172588832,0.5396394744602249
0.2842639593908629,0.5532591703634727
0.2791878172588832,0.5920223364124048
0.3147208121827411,0.5467450593609177
0.3401015228426396,0.5511977983104124
0.365482233502538,0.5468128288798388
0.3096446700507614,0.5253230781396442
0.4010152284263959,0.5186465991304
0.2741116751269035,0.5335724713919631
0.3248730964467005,0.5343575322835041
0.2842639593908629,0.503858654099119
0.2081218274111675,0.4806324609214865
0.2893401015228426,0.4941276687491214
0.3807106598984771,0.5426655229000491
0.3096446700507614,0.543513393319013
0.3604060913705584,0.6329288885892204
0.2182741116751269,0.6038890394883257
0.2284263959390862,0.5837423787142718
0.299492385786802,0.619110935977797
0.248730964467005,0.5700806408760104
0.2893401015228426,0.575546974032374
0.3045685279187817,0.5715389132144348
0.1573604060913705,0.5689805287004094
0.4365482233502538,0.6155654271380036
0.2944162436548223,0.5707724065069926
0.3197969543147208,0.5622970566929866
0.4111675126903553,0.5651597843346822
0.2284263959390862,0.5602686718306259
0.2741116751269035,0.5762850163912623
0.2893401015228426,0.5939844044745987
0.416243654822335,0.6331583655157513
0.2944162436548223,0.5825642050089875
0.4213197969543147,0.5972911426304359
0.3553299492385787,0.5924346782484089
0.2284263959390862,0.5706711518053775
0.3401015228426396,0.5668909928402774
0.3248730964467005,0.5685419219071911
0.2690355329949238,0.5679158039026992
0.2791878172588832,0.6310388570907298
0.3401015228426396,0.5708106274976452
0.3604060913705584,0.6434306166781765
0.3197969543147208,0.5653268853345702
0.3045685279187817,0.5941064618342115
0.2538071065989847,0.5750582204593057
0.2538071065989847,0.5814673005836507
0.365482233502538,0.547389835815591
0.1675126903553299,0.5661706012782929
0.4060913705583756,0.6119295257915632
0.2944162436548223,0.5984671853168629
0.2944162436548223,0.5917444295587964
0.3045685279187817,0.5885515224662231
0.3451776649746192,0.6532890139378771
0.3045685279187817,0.6012635849693269
0.3197969543147208,0.6185913894923951
0.2639593908629442,0.5908500297609112
0.3705583756345177,0.6746007594006074
0.3604060913705584,0.6289517088439582
0.3908629441624365,0.6738706058844535
0.3756345177664975,0.6409535038048534
0.3908629441624365,0.6131484258171819
0.4213197969543147,0.6449405996752916
0.3705583756345177,0.6390529547723807
0.4467005076142132,0.644661222123101
0.3604060913705584,0.6370888796642737
0.2893401015228426,0.6215239579991075
0.3045685279187817,0.5911165558417324
0.3401015228426396,0.6296835500341028
0.3248730964467005,0.5498807179753243
0.2741116751269035,0.607990146534596
0.2233502538071066,0.6001299240888164
0.2741116751269035,0.5846289106850735
0.3096446700507614,0.5771562175806041
0.2538071065989847,0.5678240401121212
0.2284263959390862,0.5771352750568267
0.3756345177664975,0.6159976490942679
0.5177664974619289,0.6139805312992069
0.5939086294416244,0.6136233003633846
0.5736040609137056,0.6191036426906519
0.4416243654822335,0.6032767386009351
0.5329949238578681,0.566333363969906
0.482233502538071,0.5902554271907013
0.5888324873096447,0.5681475945247025
0.5279187817258884,0.5858919302235209
0.5634517766497462,0.6015543515147458
0.5685279187817259,0.557596114793915
0.4467005076142132,0.78236490031108
0.5634517766497462,0.6360131399021005
0.5076142131979695,0.6090824525387397
0.4771573604060913,0.5812772266912459
0.4923857868020304,0.5827763937239339
0.4314720812182741,0.5501291463823987
0.5076142131979695,0.5705403450413686
0.416243654822335,0.5770706463657815
0.5329949238578681,0.5640212196654222
0.5736040609137056,0.5982778780776886
0.4720812182741117,0.5772598682204159
0.5634517766497462,0.6136781450570546
0.6345177664974619,0.5928994823506704
0.5786802030456852,0.6056322070457066
0.649746192893401,0.6390447278391189
0.5431472081218274,0.5946721266536744
0.5380710659898477,0.5703609044123387
0.5329949238578681,0.5611456348579414
0.4314720812182741,0.5634484456280785
0.4568527918781725,0.5560517659752725
0.4517766497461929,0.5328157120820575
0.5177664974619289,0.5336419831296233
0.5939086294416244,0.5973894698524536
0.467005076142132,0.5543674809128447
0.6091370558375635,0.6649400166891087
0.482233502538071,0.594809950647176
0.5583756345177665,0.6044514908406102
0.5685279187817259,0.5849299143611294
0.6548223350253807,0.5771723165698519
0.6903553299492385,0.5868609654243713
0.4365482233502538,0.6243260617233808
0.5329949238578681,0.5983277932831708
0.5888324873096447,0.5780524081107317
0.4771573604060913,0.5922856350302254
0.4720812182741117,0.580835867047277
0.4873096446700508,0.6020627821364343
0.5126903553299492,0.578413698368083
0.5634517766497462,0.5798603372458289
0.4568527918781725,0.542841229304937
0.5482233502538071,0.5983451739699724
0.3705583756345177,0.567846984576309
0.583756345177665,0.6286683832475325
0.4974619289340101,0.590163814127227
0.5076142131979695,0.6139447616722741
0.5583756345177665,0.6135639225070935
0.467005076142132,0.5888793085585171
0.4213197969543147,0.5917655203625432
0.5329949238578681,0.635552022868013
0.4873096446700508,0.6337369399073896
0.5685279187817259,0.6611366498041631
0.4467005076142132,0.6548371423841474
0.4974619289340101,0.6326788987266958
0.4720812182741117,0.6113872255394845
0.4314720812182741,0.5942522069026419
0.482233502538071,0.584139563996797
0.4010152284263959,0.610269661506218
0.3959390862944162,0.6092622836694905
0.4060913705583756,0.6987423642085915
0.4010152284263959,0.6349509360844465
0.3604060913705584,0.6042345035140811
0.4923857868020304,0.613483570634435
0.4974619289340101,0.6131397016244385
0.4010152284263959,0.5935329092049346
0.4568527918781725,0.6007537635216726
0.3857868020304568,0.6203903848858086
0.482233502538071,0.5935932965077662
0.4974619289340101,0.6350680312701
0.4873096446700508,0.6670126911243484
0.4365482233502538,0.6484057962480342
0.5126903553299492,0.6596863039406196
0.5228426395939086,0.6614475874320527
0.4923857868020304,0.6502255067709647
0.3553299492385787,0.6346930480931698
0.4923857868020304,0.6706604765453168
0.482233502538071,0.6704798514389121
0.482233502538071,0.657089093289895
0.3604060913705584,0.6092612937942454
0.4213197969543147,0.6017729972716718
0.4771573604060913,0.6408669805093639
0.4771573604060913,0.627582704469219
0.4314720812182741,0.6273641037691493
0.4771573604060913,0.56355451646849
0.4619289340101523,0.61558977595093
0.2182741116751269,0.6349481235242328
0.482233502538071,0.6628664174834299
0.5329949238578681,0.6161208922964375
0.4213197969543147,0.6273025666470422
0.4263959390862944,0.6271447512450763
0.3908629441624365,0.6575945680374234
0.3553299492385787,0.6312864561516338
0.4263959390862944,0.621928858168147
0.4467005076142132,0.6414936152691526
0.3857868020304568,0.6049374272210633
0.4517766497461929,0.6241425044082685
0.482233502538071,0.6564254033875188
0.482233502538071,0.6142050793805913
0.5025380710659898,0.6740033406283854
0.4923857868020304,0.6517114254508081
0.4923857868020304,0.6482053145625029
0.4416243654822335,0.6585775615456838
0.5939086294416244,0.6433426739020829
0.5634517766497462,0.6094427846375521
0.5177664974619289,0.6173004979851372
0.4619289340101523,0.6445329035761284
0.4467005076142132,0.6215573693722466
0.4517766497461929,0.6284854946804503
0.5025380710659898,0.6554095460903573
0.3908629441624365,0.6354740348009225
0.4010152284263959,0.6368776051356357
0.4314720812182741,0.6440638684949785
0.4416243654822335,0.6763006084995464
0.4060913705583756,0.6431966884391815
0.3807106598984771,0.6222708797877999
0.4213197969543147,0.6423694079364062
0.5329949238578681,0.6521568964401289
0.4568527918781725,0.6214046477151293
0.4517766497461929,0.6154950103488402
0.4416243654822335,0.6261670784689009
0.4010152284263959,0.6367323714837736
0.5126903553299492,0.6411046670232579
0.482233502538071,0.6184609081126474
0.4365482233502538,0.6452950663965922
0.3604060913705584,0.62496628171141
0.4771573604060913,0.6464973663657781
0.3756345177664975,0.6376558414129879
0.5076142131979695,0.6453681093480577
0.4213197969543147,0.6368296705768117
0.4619289340101523,0.6256411741890439
0.482233502538071,0.623288855999734
0.482233502538071,0.6374380037533315
0.4873096446700508,0.6300172723165192
0.649746192893401,0.691912759933175
0.467005076142132,0.6397668204001036
0.3857868020304568,0.626609998166327
0.5025380710659898,0.6278711869454872
0.5025380710659898,0.6620632631983389
0.4517766497461929,0.6321299717811462
0.4314720812182741,0.6104164182131888
0.4873096446700508,0.6153628478218769
0.4771573604060913,0.617784444555052
0.5482233502538071,0.6180743167794477
0.4923857868020304,0.6266511737593874
0.4517766497461929,0.6203005522978866
0.5279187817258884,0.6188732170754118
0.3756345177664975,0.668055007544734
0.4873096446700508,0.6073821039321545
0.4263959390862944,0.6290084682690551
0.3908629441624365,0.6472505933209709
0.5431472081218274,0.6232532006000533
0.4213197969543147,0.6374414742165413
0.4619289340101523,0.6356226577646642
0.5279187817258884,0.6868745188896819
0.4010152284263959,0.6346238878824071
0.4060913705583756,0.6242685826720192
0.365482233502538,0.6215134933431365
0.4111675126903553,0.6639939140845206
0.4365482233502538,0.6651842836249375
0.4467005076142132,0.6497835574647629
0.4416243654822335,0.6551905845783244
0.4467005076142132,0.6283233546595887
0.3959390862944162,0.6365949657533134
0.3350253807106599,0.6497253081266036
0.5736040609137056,0.6276810979890144
0.4416243654822335,0.6351247394054036
0.4416243654822335,0.640483307360173
0.467005076142132,0.6401267967530909
0.5583756345177665,0.6469829047225515
0.5431472081218274,0.6559872961743258
0.4314720812182741,0.6189638080630527
0.5329949238578681,0.6245994258796219
0.4619289340101523,0.6228421223948035
0.416243654822335,0.6450627049718836
0.4111675126903553,0.6482696798461699
0.4314720812182741,0.6479439346494644
0.4365482233502538,0.6248588713385544
0.482233502538071,0.6217553639602752
0.4365482233502538,0.6500845827485119
0.4517766497461929,0.6262008749102969
0.4619289340101523,0.6250245500902623
0.4060913705583756,0.6325512907563062
0.467005076142132,0.6216770454359506
0.4619289340101523,0.6123196431407799
0.4720812182741117,0.6264659850709893
0.5329949238578681,0.6535995554839598
0.482233502538071,0.6594200652847344
0.4010152284263959,0.6153688337432146
0.3604060913705584,0.6140174984959944
0.5025380710659898,0.6608454846390592
0.5989847715736041,0.6965797930986652
0.467005076142132,0.6596721695194611
0.4568527918781725,0.6747068073705762
0.4467005076142132,0.6450851339032003
0.4416243654822335,0.6707652762636166
0.4619289340101523,0.663907219268082
0.4416243654822335,0.6859025106468783
0.416243654822335,0.6396103661976966
0.4568527918781725,0.6339865910278316
0.5228426395939086,0.6496101968575593
0.3807106598984771,0.6722459596528056
0.4568527918781725,0.6758462924971309
0.4010152284263959,0.6511795603871897
0.5228426395939086,0.6619998441695799
0.4873096446700508,0.6528009485297313
0.4974619289340101,0.6896678174920817
0.5177664974619289,0.6552004582618176
0.5177664974619289,0.6469725442863337
0.3857868020304568,0.640116874599397
0.482233502538071,0.6741697939799338
0.4974619289340101,0.6273469819629784
0.4467005076142132,0.6267460897906033
0.4517766497461929,0.6535438666651047
0.4619289340101523,0.633955129999239
0.4467005076142132,0.6790140205332946
0.482233502538071,0.6644881042811179
0.4517766497461929,0.6659286341298054
0.5228426395939086,0.6611651681435867
0.4873096446700508,0.7009406593096098
0.3807106598984771,0.6166963518873557
0.5634517766497462,0.6697885767164552
0.5177664974619289,0.62905383929814
0.416243654822335,0.6397038743499173
0.4923857868020304,0.6916825548444057
0.4263959390862944,0.6150021744270577
0.4467005076142132,0.5770292824168167
0.4060913705583756,0.5465254709831472
0.416243654822335,0.5571567445898624
0.350253807106599,0.5772909937116284
0.4568527918781725,0.5592057738691842
0.4416243654822335,0.5729685796647606
0.4314720812182741,0.6019970442603105
0.5482233502538071,0.6038063978649537
0.6802030456852792,0.6582411598271577
0.5228426395939086,0.583942163160152
0.365482233502538,0.5749076607238512
0.4923857868020304,0.5751880343849063
0.5685279187817259,0.6277768078194117
0.583756345177665,0.6254691049292294
0.5177664974619289,0.5848923369114604
0.4619289340101523,0.5844308999071736
0.4467005076142132,0.5731519632753482
0.5329949238578681,0.57747894504878
0.4619289340101523,0.6354974015104781
0.4010152284263959,0.5711813364007806
0.4517766497461929,0.5972506161986971
0.5177664974619289,0.603914085873169
0.467005076142132,0.5909493769573133
0.4923857868020304,0.6127724312793283
0.5279187817258884,0.5991739325593816
0.4467005076142132,0.539953407799274
0.4873096446700508,0.6284486693035073
0.3908629441624365,0.5696373999189274
0.4517766497461929,0.5605677318108871
0.3807106598984771,0.5850823315292818
0.5279187817258884,0.5833653970585565
0.4517766497461929,0.5523320528064134
0.5228426395939086,0.6021957028610628
0.5126903553299492,0.62122314325184
0.5126903553299492,0.5830558383120796
0.5431472081218274,0.5667138368672107
0.482233502538071,0.5660334666389234
0.4923857868020304,0.5773200306105939
0.3857868020304568,0.5835034172754825
0.4365482233502538,0.5523640096990603
0.4060913705583756,0.540689893934292
0.4517766497461929,0.5579178240315295
0.3756345177664975,0.5778546166679634
0.3451776649746192,0.5838367208584827
0.4314720812182741,0.5511627213219323
0.4619289340101523,0.5576278779006305
0.3553299492385787,0.5580150345600212
0.4517766497461929,0.5969559059579794
0.4974619289340101,0.57152649015067
0.4720812182741117,0.5714499260396926
0.5126903553299492,0.6873043003834635
0.4517766497461929,0.5772591784567407
0.4416243654822335,0.554843011970513
0.5076142131979695,0.5714054335336348
0.4467005076142132,0.5545166407187482
0.4517766497461929,0.5671252488271287
0.4314720812182741,0.561456838583064
0.4416243654822335,0.5735673589639068
0.4010152284263959,0.5582680093784452
0.3908629441624365,0.535179127939993
0.3553299492385787,0.5476517977116712
0.416243654822335,0.5483987972650056
0.248730964467005,0.5357055036900848
0.4213197969543147,0.5530395156130002
0.4263959390862944,0.5726340629166382
0.5076142131979695,0.6125616004640415
0.5786802030456852,0.5998683068891207
0.4568527918781725,0.5684106020634737
0.4568527918781725,0.5595252965610292
0.4771573604060913,0.5859536864520261
0.5228426395939086,0.5634814386717437
0.5279187817258884,0.5641180930059289
0.4568527918781725,0.5911068327899527
0.5076142131979695,0.6100450039594605
0.5025380710659898,0.545940551824537
0.5228426395939086,0.5588577732833478
0.5025380710659898,0.5669594186389075
0.5025380710659898,0.5865602735048009
0.5736040609137056,0.6221377303165436
0.583756345177665,0.6747544175918221
0.5076142131979695,0.6101582831607282
0.5177664974619289,0.5988703615010527
0.4568527918781725,0.5838232342566401
0.467005076142132,0.5715036526579922
0.5126903553299492,0.6018623242217698
0.4060913705583756,0.5743254739324817
1.0,0.5657829296898607
0.4873096446700508,0.5545489081480051
0.4517766497461929,0.5619940162613397
0.4568527918781725,0.5553269183409786
0.3807106598984771,0.5483947227355778
0.3756345177664975,0.5519770609928562
0.4365482233502538,0.538142574389611
0.5177664974619289,0.5501776527168845
0.4314720812182741,0.5885036311652996
0.4314720812182741,0.6012523570728986
0.4010152284263959,0.6371211392307434
0.4517766497461929,0.6178203304743001
0.4568527918781725,0.616638423801386
0.467005076142132,0.6132838112052601
0.2893401015228426,0.5796462828576324
0.4365482233502538,0.5869621119163011
0.4517766497461929,0.5998043036870017
0.583756345177665,0.6021453851337142
0.5431472081218274,0.6347226095467312
0.4517766497461929,0.5847867399017719
0.4416243654822335,0.6008330790947122
0.4111675126903553,0.5841009198885263
0.3553299492385787,0.5720889980830128
0.3857868020304568,0.5887790554222384
0.3197969543147208,0.5949049137464396
0.5380710659898477,0.6218522543833797
0.3401015228426396,0.6086819139707385
0.3908629441624365,0.9131987811321421
0.4010152284263959,0.6244884366351187
0.4974619289340101,0.6020020936671132
0.4568527918781725,0.6414613054389069
0.4365482233502538,0.6340208821417866
0.4010152284263959,0.6470416742961804
0.4416243654822335,0.6173914518517213
0.4111675126903553,0.5780308563708059
0.3908629441624365,0.6186520406483705
0.4060913705583756,0.6349123260361959
0.467005076142132,0.6115337110077916
0.4111675126903553,0.6103478734304579
0.5025380710659898,0.6289381761708883
0.6091370558375635,0.6106715597372402
0.4467005076142132,0.582897072828768
0.6243654822335025,0.6242824970288287
0.5532994923857868,0.6090672830571071
0.5329949238578681,0.6166997067661669
0.5888324873096447,0.6148445254148468
0.5380710659898477,0.6355677778151441
0.4771573604060913,0.6302716252241418
0.4517766497461929,0.6344349094879852
0.4873096446700508,0.6449587715210113
0.5532994923857868,0.6468156069318727
0.5228426395939086,0.6155129019027934
0.4720812182741117,0.6502691424082644
0.5126903553299492,0.6286654203381234
0.5532994923857868,0.664439838429336
0.5583756345177665,0.6458972553295226
0.5177664974619289,0.6443841265770721
0.4314720812182741,0.6069324205055101
0.5380710659898477,0.6223647857961331
0.5025380710659898,0.5986014519248416
0.467005076142132,0.6124010989997374
0.4263959390862944,0.6226468752867707
0.4619289340101523,0.6206822732053456
0.4213197969543147,0.6249918678983715
0.5532994923857868,0.6144205539459292
0.5583756345177665,0.6137861259884567
0.5228426395939086,0.6060609180540921
0.4517766497461929,0.6184058651977541
0.4010152284263959,0.607371155280056
0.4771573604060913,0.6024570789622256
0.4213197969543147,0.5915912997395082
0.3807106598984771,0.6213540998752356
0.4314720812182741,0.6528769601898796
0.467005076142132,0.6180938674804539
0.4517766497461929,0.5935060308264232
0.4010152284263959,0.5805602516695701
0.5279187817258884,0.6222529154666379
0.482233502538071,0.6163691752575579
0.5482233502538071,0.6717154766825129
0.4060913705583756,0.6057300725187876
0.4923857868020304,0.6241248258874148
0.416243654822335,0.593222348863821
0.350253807106599,0.6046233975193762
0.4060913705583756,0.6033324057412125
0.4467005076142132,0.593444468160478
0.4263959390862944,0.6097065327586135
0.3857868020304568,0.6044776055481592
0.4720812182741117,0.6400855050766949
0.365482233502538,0.5802486745714087
0.467005076142132,0.6117706144109959
0.3350253807106599,0.6304704152423419
0.4974619289340101,0.6369991673116131
0.4060913705583756,0.6600114955233694
0.5177664974619289,0.6586818350163617
0.3908629441624365,0.6707138385077445
0.5177664974619289,0.6719026900083312
0.4263959390862944,0.7190789881829809
0.4263959390862944,0.6462896414310325
0.416243654822335,0.6174248505989798
0.416243654822335,0.6410482971866291
0.4974619289340101,0.6609986607313386
0.3959390862944162,0.617749373800789
0.4517766497461929,0.6387122094080193
0.4213197969543147,0.638041962508294
0.5329949238578681,0.6381584906185299
0.4416243654822335,0.6443538513792278
0.4010152284263959,0.7009098565160671
0.416243654822335,0.6650543670684284
0.416243654822335,0.7038076157320351
0.3705583756345177,0.642815674456151
0.5634517766497462,0.6802817787864802
0.5532994923857868,0.6539765842724726
0.4416243654822335,0.6367644955878747
0.5888324873096447,0.6327012247536656
0.5532994923857868,0.6559057381711697
0.5076142131979695,0.6621879907440598
0.4974619289340101,0.6688025331892402
0.4263959390862944,0.6520190087479408
0.4923857868020304,0.6518918530798326
0.5177664974619289,0.6729847710707172
0.4060913705583756,0.6323854078316414
0.4263959390862944,0.6048733242250641
0.4974619289340101,0.4278975354509851
0.6598984771573604,0.6451841064394
0.5177664974619289,0.6082940475305738
0.5532994923857868,0.6730057203284796
0.4568527918781725,0.5897362688562633
0.4873096446700508,0.5865335363666865
0.5685279187817259,0.618980532234437
0.4923857868020304,0.6120652155750308
0.5634517766497462,0.6307187860288839
0.3705583756345177,0.6322419068322513
0.6598984771573604,0.6169129233711113
0.4923857868020304,0.6082608286273042
0.4517766497461929,0.6028029638173203
0.3908629441624365,0.6344251527889121
0.4467005076142132,0.6269049890737085
0.4111675126903553,0.5973397372590482
0.4416243654822335,0.610279238432213
0.4467005076142132,0.6167198253929294
0.4619289340101523,0.6293342538905851
0.4568527918781725,0.6050328517490053
0.482233502538071,0.602997641977956
0.4974619289340101,0.6053750925503232
0.4263959390862944,0.6003329706969736
0.4263959390862944,0.5996641478589813
0.4517766497461929,0.5638405542487204
0.4365482233502538,0.5961303175066213
0.3604060913705584,0.6028079295704314
0.4467005076142132,0.5877799891387897
0.4111675126903553,0.5918377566084526
0.4111675126903553,0.5813758738212484
0.5431472081218274,0.602654532348558
0.4720812182741117,0.7245920050926739
0.5076142131979695,0.6665604037422692
0.5126903553299492,0.6650669953999374
0.4873096446700508,0.6424402505781069
0.4365482233502538,0.6217606433619928
0.4568527918781725,0.6566564299023651
0.482233502538071,0.65525943145826
0.4416243654822335,0.6349231199600109
0.5685279187817259,0.6290663560642995
0.5177664974619289,0.6134079848427392
0.4010152284263959,0.6444937152959709
0.3857868020304568,0.675046825905888
0.4517766497461929,0.6645227934534388
0.5177664974619289,0.6918128352166857
0.5076142131979695,0.6464796354749772
0.5583756345177665,0.6041236478074677
0.5736040609137056,0.6316044683138287
0.482233502538071,0.6029175544586329
0.4517766497461929,0.7104806376660388
0.4720812182741117,0.5805775250968249
0.3959390862944162,0.5767484017172136
0.4365482233502538,0.6275698859800606
0.3756345177664975,0.6445545068373781
0.5532994923857868,0.6326948872142685
0.3807106598984771,0.6162673664120366
0.5482233502538071,0.6294113172399399
0.5431472081218274,0.6005101632924417
0.467005076142132,0.6147318650863239
0.5888324873096447,0.6365453926938662
0.4568527918781725,0.6150376692005508
0.4416243654822335,0.6607273341819584
0.5431472081218274,0.6124852159000507
0.4923857868020304,0.6190441851587138
0.5177664974619289,0.6045696847517558
0.4060913705583756,0.6073978687664872
0.3857868020304568,0.5923100551920415
0.4416243654822335,0.6086284107788477
0.4720812182741117,0.6113451589785721
0.4365482233502538,0.6228528580562105
0.4923857868020304,0.6421025585454851
0.4416243654822335,0.6529439985144104
0.4568527918781725,0.628542888893548
0.4568527918781725,0.6213413888626466
0.4365482233502538,0.628419864494403
0.3553299492385787,0.6133246127929949
0.416243654822335,0.6297546988738948
0.467005076142132,0.6239227313861446
0.4771573604060913,0.6348357002337444
0.482233502538071,0.6617003951677567
0.4517766497461929,0.6470499770825012
0.4416243654822335,0.6367294140939992
0.5177664974619289,0.6683442914826234
0.4517766497461929,0.641750689385396
0.4467005076142132,0.6243603569278922
0.4873096446700508,0.6539771448975934
0.4213197969543147,0.669379917819407
0.4365482233502538,0.6150589725533011
0.3857868020304568,0.6667302241509282
0.4467005076142132,0.6442514781277604
0.5126903553299492,0.6411026105435842
0.467005076142132,0.6512258413861463
0.5177664974619289,0.6282053989759777
0.4619289340101523,0.6386082142377989
0.4314720812182741,0.6336735357771158
0.4416243654822335,0.6345728408207324
0.4619289340101523,0.6268170285823529
0.5532994923857868,0.6664947822804757
0.4619289340101523,0.6222642082470454
0.4720812182741117,0.5729316792861542
0.5076142131979695,0.6827976024925139
0.482233502538071,0.7167064574661088
0.5329949238578681,0.6864317505611461
0.4771573604060913,0.6420382168685144
0.467005076142132,0.6221970039222926
0.4568527918781725,0.6216823555541892
0.4111675126903553,0.617272114291176
0.4873096446700508,0.641801032807003
0.5025380710659898,0.6282497057130398
0.4467005076142132,0.6211195540105545
0.4923857868020304,0.6445155231002175
0.5634517766497462,0.6675863650808348
0.467005076142132,0.6393429306205841
0.482233502538071,0.6409028518199615
0.5380710659898477,0.686963253649373
0.467005076142132,0.6416723038195014
0.5532994923857868,0.6615811005741127
0.5279187817258884,0.6743099909865871
0.5076142131979695,0.6794571209521318
0.5228426395939086,0.6790734610698382
0.4974619289340101,0.6607863830571641
0.467005076142132,0.6655983099596927
0.3959390862944162,0.6638566623388636
0.5126903553299492,0.6711355799251492
0.4263959390862944,0.6840285388157118
0.4416243654822335,0.6472783616681441
0.467005076142132,0.6330066767131899
0.4619289340101523,0.6546673798676579
0.4873096446700508,0.6730064923087093
0.4314720812182741,0.5969495043573942
0.4467005076142132,0.6204312421737984
0.4568527918781725,0.621167946748988
0.4213197969543147,0.6133361229627499
0.4263959390862944,0.5911392770719939
0.4720812182741117,0.6799601188883279
0.3807106598984771,0.6655469809855424
0.4467005076142132,0.6928929717550256
0.4873096446700508,0.6579168752329339
0.4010152284263959,0.6212721738012993
0.3959390862944162,0.6446216376555991
0.4923857868020304,0.6833446052042882
0.4416243654822335,0.6521143258132551
0.4213197969543147,0.6545907217925652
0.3604060913705584,0.6273301535224962
0.416243654822335,0.6606154997695175
0.4314720812182741,0.6516040977418412
0.5025380710659898,0.671952390350784
0.4873096446700508,0.6578877238159097
0.5228426395939086,0.6403591505924604
0.3959390862944162,0.6132613467550859
0.5583756345177665,0.6789351968113527
0.4467005076142132,0.661169484930697
0.5634517766497462,0.6714497145837808
0.3451776649746192,0.6599037062896288
0.4517766497461929,0.657738904831028
0.4467005076142132,0.6605530059105617
0.467005076142132,0.703642425578202
0.482233502538071,0.6407198825432966
0.4467005076142132,0.6125067594754543
0.6142131979695431,0.7196522526248146
0.5939086294416244,0.7246910474000372
0.5177664974619289,0.6875764792167162
0.5177664974619289,0.7008182916607227
0.5025380710659898,0.693078453181229
0.6040609137055838,0.6939189670062942
0.5431472081218274,0.6870061145687953
0.416243654822335,0.7312940974401037
0.467005076142132,0.7206676351477154
0.5228426395939086,0.6901473770711265
0.5634517766497462,0.7090564718421907
0.4416243654822335,0.658279889548276
0.4263959390862944,0.6407111602147533
0.4365482233502538,0.6724033001133798
0.3857868020304568,0.6929022205430028
0.5279187817258884,0.6873645149799851
0.4923857868020304,0.6801258134311239
0.5076142131979695,0.6624037453850842
0.5380710659898477,0.6996498480930863
0.5329949238578681,0.7055845901059512
0.4365482233502538,0.6802045023651475
0.4771573604060913,0.7393945653030736
0.482233502538071,0.6713869642216383
0.4467005076142132,0.6773612617010387
0.4771573604060913,0.6341096968319445
0.5786802030456852,0.6914197143575006
0.5482233502538071,0.6324257225484715
0.4873096446700508,0.6689380306178738
0.5177664974619289,0.6745606366446569
0.5431472081218274,0.6562458031274382
0.4619289340101523,0.6386716114211477
0.4974619289340101,0.6367205971398501
0.4060913705583756,0.6297951641312465
0.4720812182741117,0.6592917331348287
0.4720812182741117,0.6227893977464337
0.4873096446700508,0.6295799763001222
0.4517766497461929,0.6242543458369509
0.416243654822335,0.6346490219647654
0.6243654822335025,0.6807889891649042
0.5228426395939086,0.6327794657666791
0.5228426395939086,0.6456983574429398
0.4467005076142132,0.6909165373034506
0.5888324873096447,0.6829227167518697
0.5126903553299492,0.6708442156338519
0.4568527918781725,0.6315061211241392
0.3756345177664975,0.6254713776329995
0.4873096446700508,0.6239268640511301
0.3807106598984771,0.7028059711263231
0.4771573604060913,0.6489911478445145
0.4771573604060913,0.6270755184613636
0.4314720812182741,0.5981829832819946
0.4416243654822335,0.6094299086797503
0.5126903553299492,0.6097802281776782
0.4467005076142132,0.6460346378902864
0.3959390862944162,0.6233845357858433
0.4974619289340101,0.6364141522422485
0.5025380710659898,0.6560641482739865
0.3959390862944162,0.5812757854245096
0.3908629441624365,0.5538176427132628
0.3248730964467005,0.5600072415738967
0.3045685279187817,0.5490166605254306
0.4923857868020304,0.5638326244161234
0.4771573604060913,0.5577006953586161
0.4517766497461929,0.6120939599294625
0.350253807106599,0.5388755967193571
0.4365482233502538,0.5352968730818972
0.3401015228426396,0.5745718668280156
0.3096446700507614,0.6076127615304797
0.3350253807106599,0.6056520614805596
0.3756345177664975,0.6016505066309356
0.3604060913705584,0.5797072128934315
0.1928934010152284,0.5858424260001518
0.4060913705583756,0.6623375470166872
0.3959390862944162,0.607134886582675
0.350253807106599,0.6084218036113783
0.2131979695431472,0.6103616388013199
0.3248730964467005,0.5890868214726434
0.3045685279187817,0.5893971077410369
0.299492385786802,0.5772903534002927
0.3299492385786802,0.5804422085515085
0.1979695431472081,0.5711528267377233
0.1979695431472081,0.5523737301373098
0.2588832487309644,0.5712021360359076
0.1675126903553299,0.6246306049430275
0.2385786802030456,0.6189289816340868
0.2639593908629442,0.6119485240071547
0.2131979695431472,0.5958463223943044
0.2741116751269035,0.5822120015700083
0.3401015228426396,0.5699987009831025
0.2233502538071066,0.5814771777451911
0.2741116751269035,0.6017534845444894
0.3147208121827411,0.6011014265802731
0.3299492385786802,0.6736136918370437
0.4771573604060913,0.6538763186809009
0.3401015228426396,0.6197021806386986
0.2791878172588832,0.599746550967679
0.2182741116751269,0.5781225432045525
0.3299492385786802,0.5994297961539339
0.3553299492385787,0.5830506303436183
0.365482233502538,0.5829029187950606
0.3908629441624365,0.5776877683334125
0.3350253807106599,0.5818330626423613
0.4314720812182741,0.597261668185678
0.3197969543147208,0.5711607784117305
0.2538071065989847,0.6374744625844941
0.4060913705583756,0.6365905265031753
0.3553299492385787,0.6045183606758878
0.299492385786802,0.6019640723263899
0.2690355329949238,0.6188798413238515
0.3096446700507614,0.5923579009922431
0.3553299492385787,0.6206015898931364
0.3401015228426396,0.5925795682350921
0.2233502538071066,0.5753027751524007
0.3248730964467005,0.573505426902295
0.3705583756345177,0.5595303277343636
0.3401015228426396,0.5323488845038886
0.3248730964467005,0.5255835346935249
0.3553299492385787,0.5356493832122714
0.248730964467005,0.5262650992778817
0.2131979695431472,0.5366808545574366
0.2538071065989847,0.5446618572451803
0.1928934010152284,0.5640249201601559
0.2944162436548223,0.5596150278311535
0.4111675126903553,0.5665784647522134
0.2639593908629442,0.5447254971518951
0.299492385786802,0.543579523482611
0.299492385786802,0.5505126745490434
0.2893401015228426,0.5529091267457589
0.1878172588832487,0.5183502132931004
0.2944162436548223,0.5462054788752356
0.3553299492385787,0.5451722740037668
0.248730964467005,0.6399196850710485
0.2639593908629442,0.542084503131902
0.2182741116751269,0.5394460816381548
0.1421319796954314,0.5386087604618652
0.2944162436548223,0.5718503212808368
0.2538071065989847,0.571730455715298
0.248730964467005,0.5662643162760925
0.4517766497461929,0.6033652028047704
0.3908629441624365,0.6090049334152108
0.2639593908629442,0.5590262016599128
0.2791878172588832,0.5520997402009968
0.3045685279187817,0.5510367619471807
0.1370558375634517,0.568552804738486
0.3197969543147208,0.5373856082947985
0.1675126903553299,0.5425444944131883
0.2944162436548223,0.5905032587611155
0.4010152284263959,0.5763711014760071
0.3197969543147208,0.5715356646554923
0.2842639593908629,0.5434114916617547
0.350253807106599,0.5510493857289747
0.3096446700507614,0.5406754936827147
0.4873096446700508,0.639613464757059
0.4467005076142132,0.636229228034731
0.299492385786802,0.6317465081955299
0.3350253807106599,0.6540575517215954
0.365482233502538,0.6234536644824737
0.3553299492385787,0.6088663469621542
0.2385786802030456,0.6712306912378422
0.3756345177664975,0.6199096137174923
0.365482233502538,0.637819058902918
0.4568527918781725,0.6888631332511643
0.3857868020304568,0.6631534490854605
0.5025380710659898,0.674003279163209
0.5939086294416244,0.6854978072596786
0.416243654822335,0.6374756700086964
0.3959390862944162,0.6333153625172182
0.1725888324873096,0.5898627039802977
0.3553299492385787,0.6797895874650026
0.3045685279187817,0.5994918603043113
0.365482233502538,0.6558920974253291
0.299492385786802,0.6020105085506049
0.350253807106599,0.5724695590413386
0.3248730964467005,0.587523661416877
0.2639593908629442,0.609623267835337
0.4213197969543147,0.6491919262319852
0.1979695431472081,0.5816941140357146
0.2741116751269035,0.5952345916581551
0.2741116751269035,0.6014950790296794
0.1725888324873096,0.5746116637836067
0.4619289340101523,0.6928630647996838
0.3096446700507614,0.5999529894878038
0.2791878172588832,0.5989516629636007
0.2081218274111675,0.5971673171011725
0.3401015228426396,0.6372086152420144
0.2284263959390862,0.6298013095906901
0.5228426395939086,0.6879143720457744
0.3197969543147208,0.6068293701521437
0.3604060913705584,0.6235889216515447
0.4111675126903553,0.6299719035994648
0.3350253807106599,0.6280447626064052
0.248730964467005,0.636907230899485
0.3197969543147208,0.626452726243884
0.3807106598984771,0.6234793616845797
0.3857868020304568,0.6439301446140786
0.4213197969543147,0.6358783955485823
0.4111675126903553,0.6162450430072391
0.4213197969543147,0.5994538395869016
0.416243654822335,0.5911373029001799
0.4517766497461929,0.5866225104448348
0.4416243654822335,0.5802461753241431
0.4771573604060913,0.561046369944929
0.4517766497461929,0.5675726634404965
0.4568527918781725,0.6018037742306787
0.5076142131979695,0.5738132590453218
0.482233502538071,0.5769032376884766
0.467005076142132,0.5834940640969403
0.416243654822335,0.5720234407920759
0.4619289340101523,0.5628943990987536
0.4873096446700508,0.5664910198464616
0.5583756345177665,0.6103117879892647
0.3908629441624365,0.5525977541916397
0.4365482233502538,0.5625826345292475
0.5076142131979695,0.5817395966786174
0.5177664974619289,0.5712765755059175
0.4873096446700508,0.6173851196588922
0.4111675126903553,0.5908849188751197
0.4416243654822335,0.6110765780058522
0.4213197969543147,0.5843401545590681
0.3908629441624365,0.5864494215213831
0.4619289340101523,0.5963090556752364
0.4365482233502538,0.5897915133030305
0.467005076142132,0.5990432858480255
0.3959390862944162,0.6020672553235018
0.5228426395939086,0.6059972945858924
0.4416243654822335,0.5871865513776167
0.5025380710659898,0.5943108154731258
0.4923857868020304,0.6179719364225819
0.5025380710659898,0.6232643658940935
0.4771573604060913,0.6071762773021275
0.4467005076142132,0.6221921688009361
0.4365482233502538,0.6292843221339234
0.4365482233502538,0.6480531556569527
0.4010152284263959,0.6328635765124228
0.4619289340101523,0.6512251910339848
0.4314720812182741,0.645098581537299
0.4467005076142132,0.6545412984831406
0.4111675126903553,0.6508817564070078
0.4111675126903553,0.6327056457035338
0.3756345177664975,0.6360110982292435
0.4060913705583756,0.617759423735238
0.4365482233502538,0.6225316401910779
0.5025380710659898,0.6229199439721776
0.4517766497461929,0.6270212773698114
0.5076142131979695,0.6524710199276188
0.5177664974619289,0.6343666466775547
0.416243654822335,0.612585772623415
0.416243654822335,0.6362036278966428
0.4974619289340101,0.6234706580798011
0.4619289340101523,0.6193776520044658
0.3959390862944162,0.6136663869040155
0.4974619289340101,0.6401246363539324
0.4974619289340101,0.6231475765346787
0.482233502538071,0.6131114962133544
0.482233502538071,0.6400684875963217
0.4060913705583756,0.5980633971572368
0.5177664974619289,0.6315105856137164
0.6142131979695431,0.6681211434554551
0.4720812182741117,0.639932080933781
0.5380710659898477,0.6334138342306991
0.4974619289340101,0.6615936294088585
0.4060913705583756,0.6277390831664358
0.4314720812182741,0.6604695901213058
0.4923857868020304,0.6782383223694805
0.4771573604060913,0.6490341834855531
0.5482233502538071,0.6500043268443023
0.4416243654822335,0.6844620545339782
0.4213197969543147,0.654419656218691
0.4517766497461929,0.6411982273336015
0.4314720812182741,0.6440462776155069
0.4263959390862944,0.6385992618903252
0.5736040609137056,0.6524099433790034
0.4365482233502538,0.6449490312044373
0.5888324873096447,0.6451211585314444
0.416243654822335,0.6238927443129932
0.5126903553299492,0.6268689143259929
0.5431472081218274,0.6723752617257228
0.3959390862944162,0.6595170032490828
0.2436548223350254,0.6345245079281359
0.4314720812182741,0.6696296667975691
0.5939086294416244,0.6915669899502604
0.4873096446700508,0.6648940371126879
0.4771573604060913,0.6630859092136924
0.4517766497461929,0.6737353976556577
0.4467005076142132,0.6546128221859397
0.4720812182741117,0.6249958164814018
0.5076142131979695,0.7189922768467696
0.5380710659898477,0.6821033530372165
0.4314720812182741,0.6431302646550229
0.4568527918781725,0.6712577503198179
0.4467005076142132,0.6376159544930301
0.4517766497461929,0.7974267476860345
0.4314720812182741,0.6557882919292014
0.4365482233502538,0.6967630386021811
0.4720812182741117,0.6528493695162388
0.4568527918781725,0.6543635797322874
0.4517766497461929,0.6647870697141788
0.4923857868020304,0.6099873255927843
0.5076142131979695,0.6584082979078502
0.4974619289340101,0.6615124090952863
0.5482233502538071,0.6478639391466543
0.5786802030456852,0.649530117063212
0.5329949238578681,0.6524671889686008
0.5279187817258884,0.6849738250750691
0.467005076142132,0.6891126790216403
0.5076142131979695,0.6736209088004013
0.4467005076142132,0.6695342285030621
0.4619289340101523,0.6522127691809887
0.4213197969543147,0.6571283994850792
0.5786802030456852,0.6617318777016119
0.5431472081218274,0.6885594255914786
0.5279187817258884,0.646179909628322
0.4873096446700508,0.642338820192134
0.4263959390862944,0.6575028733705915
0.4517766497461929,0.6538604075879939
0.4467005076142132,0.6735798265199191
0.4720812182741117,0.6580724857167874
0.5532994923857868,0.6858726469344067
0.3959390862944162,0.6620516200648242
0.5126903553299492,0.6596370880570355
0.6294416243654822,0.7318671619582546
0.482233502538071,0.6884338033623654
0.5685279187817259,0.7258860308058938
0.3857868020304568,0.6694744729883872
0.3705583756345177,0.6258738980088143
0.4263959390862944,0.6571864032290023
0.6598984771573604,0.7184993807214484
0.5025380710659898,0.6706068464060426
0.4517766497461929,0.6490410153296478
0.4111675126903553,0.6489184729599954
0.5482233502538071,0.6461971598252952
0.4365482233502538,0.6247535132908956
0.6040609137055838,0.6641101894492717
0.5736040609137056,0.6616228529441721
0.4568527918781725,0.621051474967676
0.4720812182741117,0.637557788984493
0.6142131979695431,0.6454844347701977
0.3807106598984771,0.623707083803174
0.4416243654822335,0.6331432462965637
0.4974619289340101,0.6376136616703216
0.4467005076142132,0.5890948805695272
0.4720812182741117,0.6321903004068911
0.4365482233502538,0.6353409796458489
0.4060913705583756,0.6236479504581508
0.482233502538071,0.619099263638856
0.5126903553299492,0.6545512198208425
0.5177664974619289,0.6087948232637208
0.4923857868020304,0.6376715141958507
0.4568527918781725,0.7680127059240875
0.365482233502538,0.6262080222748965
0.3908629441624365,0.6000984201938504
0.4720812182741117,0.6505027724160084
0.4467005076142132,0.6027249687236754
0.4416243654822335,0.6671819514945954
0.416243654822335,0.6641495008312355
0.3705583756345177,0.614529918701407
0.3857868020304568,0.6244414568889405
0.3857868020304568,0.6293992283163666
0.4314720812182741,0.6225155151877385
0.4263959390862944,0.6262182259345003
0.4314720812182741,0.629341788425662
0.4873096446700508,0.6480553495329936
0.4467005076142132,0.6317442089463181
0.5228426395939086,0.634216044091511
0.6142131979695431,0.6705965691261806
0.4467005076142132,0.6138918017441459
0.5126903553299492,0.6336058147446267
0.5126903553299492,0.6050440813392756
0.5177664974619289,0.6085115835903436
0.5076142131979695,0.6110389780602749
0.416243654822335,0.5887721894190807
0.350253807106599,0.5768949466860667
0.365482233502538,0.6008343816703113
0.3604060913705584,0.5796190842084203
0.4365482233502538,0.6139650903442895
0.5177664974619289,0.593724875279067
0.4873096446700508,0.5933860044063601
0.4416243654822335,0.5983737577160129
0.4365482233502538,0.590264932502698
0.4010152284263959,0.6018212322836705
0.4365482233502538,0.6002753186724322
0.4974619289340101,0.6008898915538865
0.3857868020304568,0.6032854382346697
0.4771573604060913,0.6617901420256528
0.5329949238578681,0.6622571708767394
0.4517766497461929,0.6668553516675364
0.4517766497461929,0.6697938159281742
0.4416243654822335,0.6693699782323524
0.4111675126903553,0.665920591583495
0.4873096446700508,0.6835602630320621
0.4314720812182741,0.6518686631241604
0.4771573604060913,0.666513785471731
0.482233502538071,0.6637531662405102
0.4568527918781725,0.6820685625489502
0.5177664974619289,0.6689655169865673
0.416243654822335,0.6550782112042466
0.4771573604060913,0.6326148443846196
0.4467005076142132,0.6537518897006743
0.4467005076142132,0.6560752273357043
0.3908629441624365,0.6572644108902022
0.4263959390862944,0.657953945423219
0.416243654822335,0.6481468009992455
0.416243654822335,0.6866253744542075
0.3604060913705584,0.6363598849828911
0.4467005076142132,0.6916823476592169
0.5025380710659898,0.7144775714161309
0.3756345177664975,0.6910533182367475
0.5380710659898477,0.7275366272606199
0.4771573604060913,0.6755229409915661
0.5177664974619289,0.6811821964883435
0.4314720812182741,0.6697220942382889
0.5329949238578681,0.7077837499024558
0.4416243654822335,0.6572835779608264
0.5380710659898477,0.706635240527942
0.3604060913705584,0.708186253107557
0.4365482233502538,0.763646750346324
0.6091370558375635,0.7007298784892433
0.6040609137055838,0.6259618454545207
0.6446700507614214,0.6499736061368317
0.6192893401015228,0.6276198939725476
0.4771573604060913,0.5653458964496674
0.4517766497461929,0.5715959635914727
0.482233502538071,0.5707097496559494
0.4416243654822335,0.565025009170993
0.4873096446700508,0.5737647298061828
0.467005076142132,0.5935876907869305
0.3959390862944162,0.5649965726484932
0.4314720812182741,0.5970601859486295
0.4010152284263959,0.5924250341114955
0.5329949238578681,0.6036884469939772
0.4568527918781725,0.5867130045243412
0.2690355329949238,0.5740766357848198
0.4314720812182741,0.5881626924504212
0.5076142131979695,0.5967381258413877
0.416243654822335,0.5675934375689846
0.4923857868020304,0.5762979786409592
0.5532994923857868,0.5818418792558814
0.4111675126903553,0.5898733994893859
0.5482233502538071,0.5910237997946451
0.5177664974619289,0.587131455768301
0.4619289340101523,0.5862310211392902
0.4314720812182741,0.573582547026792
0.3401015228426396,0.5462831279472753
0.5177664974619289,0.5713962733036307
0.5177664974619289,0.573214571191732
0.4263959390862944,0.5746589692498425
0.4365482233502538,0.5616704045385925
0.3908629441624365,0.5889545456826419
0.5685279187817259,0.6098894010061696
0.482233502538071,0.5855912913984173
0.3705583756345177,0.5849495071281076
0.5126903553299492,0.5780436512339152
0.5786802030456852,0.5795961297519273
0.4720812182741117,0.5578928279553916
0.5279187817258884,0.575482869125712
0.3299492385786802,0.5836362199777171
0.4873096446700508,0.6080859947764525
0.583756345177665,0.6133087916212974
0.4568527918781725,0.6290430010418491
0.4517766497461929,0.5985843720382342
0.4873096446700508,0.6084086720047766
0.5126903553299492,0.5903250136909577
0.4416243654822335,0.5819800432007448
0.4416243654822335,0.586582349646392
0.5076142131979695,0.5949767663332196
0.4365482233502538,0.5802665867948806
0.583756345177665,0.6004173133337035
0.6395939086294417,0.6569669363912782
0.7055837563451777,0.6582395066569244
0.4974619289340101,0.6660834472804246
0.5228426395939086,0.6351486787962379
0.3908629441624365,0.5887438441432808
0.4568527918781725,0.5736406469465856
0.4467005076142132,0.5906321283348313
0.4416243654822335,0.5839147125920023
0.4263959390862944,0.6256994011275444
0.3908629441624365,0.5882292463411786
0.5076142131979695,0.5896370043435465
0.467005076142132,0.6289989701306005
0.482233502538071,0.6098357337261466
0.5228426395939086,0.6431991047847516
0.4771573604060913,0.6155415451272215
0.3959390862944162,0.5968156856631474
0.5532994923857868,0.6329718029706546
0.4873096446700508,0.5913160664911481
0.3908629441624365,0.6110346461073075
0.4974619289340101,0.6372387912350144
0.3604060913705584,0.5994724416303584
0.3756345177664975,0.6214794141206683
0.4619289340101523,0.6335854554988903
0.5380710659898477,0.6417231846073816
0.6395939086294417,0.6129044656435995
0.4568527918781725,0.6211283972654433
0.4517766497461929,0.6117725388862764
0.5329949238578681,0.6048702987013248
0.5888324873096447,0.6156962688399933
0.5126903553299492,0.6171947284186713
0.4365482233502538,0.610390285339325
0.4771573604060913,0.6001662175116586
0.482233502538071,0.6105788065452636
0.3908629441624365,0.6011678246879083
0.467005076142132,0.6153701962534903
0.4720812182741117,0.5778873963197719
0.4365482233502538,0.5640190577038764
0.5177664974619289,0.5617332009720535
0.5076142131979695,0.6528273513949389
0.4263959390862944,0.6282362238686455
0.4213197969543147,0.6447199982217688
0.416243654822335,0.628832794449866
0.5025380710659898,0.6263405213902632
0.4873096446700508,0.6274950042122164
0.4060913705583756,0.5868661562631752
0.4771573604060913,0.6270878978733219
0.482233502538071,0.6418965615728736
0.4873096446700508,0.6048457893690458
0.4771573604060913,0.5969820552488834
0.482233502538071,0.6392568952189008
0.4619289340101523,0.6423324023247291
0.4568527918781725,0.645413340522079
0.4111675126903553,0.6062207755923675
0.4720812182741117,0.6295379553064958
0.4923857868020304,0.9883164728682765
0.4568527918781725,0.6210116296802828
0.4568527918781725,0.6330962730757921
0.5583756345177665,0.6590569120372571
0.4619289340101523,0.6155705984372833
0.4263959390862944,0.6156543803575502
0.4416243654822335,0.5941845305638499
0.4720812182741117,0.6162517941512415
0.4060913705583756,0.6177540846154245
0.5177664974619289,0.6214519236053327
0.4720812182741117,0.5937722673824941
0.467005076142132,0.5989236418042269
0.4213197969543147,0.599858735620067
0.4720812182741117,0.628932950541244
0.3553299492385787,0.6280702862386289
0.350253807106599,0.6181585763841022
0.4314720812182741,0.6238931880818583
0.5126903553299492,0.6177512301071296
0.5126903553299492,0.6356301518781777
0.482233502538071,0.6095187645137565
0.5583756345177665,0.6202790810753611
0.4416243654822335,0.64305872054357
0.4314720812182741,0.6050525705062092
0.482233502538071,0.6238745613702797
0.5888324873096447,0.6328787852209627
0.416243654822335,0.595572853644971
0.5279187817258884,0.6246156374047208
0.482233502538071,0.6204487626798146
0.4974619289340101,0.6207361439015275
0.3705583756345177,0.6217529975706305
0.3908629441624365,0.6259842715967674
0.4923857868020304,0.6459669012470073
0.4263959390862944,0.6452568478900202
0.3401015228426396,0.625886413906159
0.5177664974619289,0.6778001987633441
0.4111675126903553,0.6339230863581711
0.4263959390862944,0.7367520521322525
0.4111675126903553,0.5800812172272081
0.4314720812182741,0.6230544538926602
0.3705583756345177,0.6278350080733411
0.5076142131979695,0.6631414563894014
0.4467005076142132,0.6227788575399165
0.5025380710659898,0.6398750861216347
0.5431472081218274,0.6088296558540921
0.5329949238578681,0.5996812163833367
0.4111675126903553,0.5944199105658842
0.4619289340101523,0.5881092407521725
0.3908629441624365,0.5978304814754619
0.3857868020304568,0.6054491400295285
0.3756345177664975,0.6105355229797218
0.3908629441624365,0.613963086927645
0.4873096446700508,0.6191412986659912
0.4974619289340101,0.6109037476548441
0.5228426395939086,0.6480523190833019
0.4416243654822335,0.5958633131977316
0.5076142131979695,0.6399794788506844
0.4416243654822335,0.597095543651224
0.416243654822335,0.6027936109093288
0.482233502538071,0.6467715421536384
0.365482233502538,0.5857507322936312
0.4263959390862944,0.608489819821592
0.5228426395939086,0.6079868533834326
0.4467005076142132,0.5694824633477423
0.4060913705583756,0.5908184733518238
0.4060913705583756,0.5917116931490302
0.4517766497461929,0.6356689697981355
0.4873096446700508,0.6175403656268865
0.4263959390862944,0.5834757598144032
0.4568527918781725,0.5739978400926568
0.3604060913705584,0.5641449820307047
0.4314720812182741,0.5766985793589017
0.4974619289340101,0.624216673667413
0.5025380710659898,0.5581910635901204
0.5431472081218274,0.6099370146208646
0.4517766497461929,0.6071008647445939
0.3401015228426396,0.5696634482103541
0.4974619289340101,0.6211246707145482
0.5076142131979695,0.5894615693104963
0.3756345177664975,0.6858490837451433
0.3807106598984771,0.75581738651245
0.3756345177664975,0.6369198050975141
0.467005076142132,0.645460764900489
0.4873096446700508,0.6744220654497965
0.482233502538071,0.6675850991012094
0.5279187817258884,0.6973529066419215
0.4771573604060913,0.6678339739385247
0.4974619289340101,0.6742735662954021
0.4263959390862944,0.6448710596170423
0.4568527918781725,0.6403212524644266
0.4517766497461929,0.6474176845251391
0.5177664974619289,0.6786029911800787
0.4467005076142132,0.669871578178077
0.4873096446700508,0.6703977096719602
0.5076142131979695,0.6549896301756336
0.4365482233502538,0.6489427220490067
0.5126903553299492,0.6488174564105189
0.4720812182741117,0.6570574785306763
0.482233502538071,0.6851745845463079
0.482233502538071,0.6528429627424002
0.5177664974619289,0.6707263566083284
0.4213197969543147,0.6648508374800555
0.4974619289340101,0.6332055919766689
0.4619289340101523,0.6385631863374639
0.5025380710659898,0.676850446188451
0.4873096446700508,0.6603542955463295
0.5076142131979695,0.6775222496111445
0.4365482233502538,0.6387539425427081
0.4923857868020304,0.6761583328106563
0.4720812182741117,0.639187062484909
0.3756345177664975,0.6183211607128286
0.4365482233502538,0.6221695512163675
0.4619289340101523,0.6553519820187031
0.4365482233502538,0.6457144353596139
0.467005076142132,0.6581037623413365
0.416243654822335,0.6506664764988466
0.4619289340101523,0.6070650789751795
0.5380710659898477,0.6604619774017662
0.5583756345177665,0.6559300029844618
0.4771573604060913,0.6680538329093095
0.5482233502538071,0.7197037701975612
0.4060913705583756,0.6713791943453762
0.4974619289340101,0.6724404754028097
0.5888324873096447,0.6842117453881278
0.5126903553299492,0.6925009450855314
0.3756345177664975,0.6719528295396253
0.4467005076142132,0.6533304805825648
0.4263959390862944,0.6959735393964523
0.4213197969543147,0.6985997357675509
0.5329949238578681,0.6820690809266784
0.7715736040609137,0.7282454815874022
0.5786802030456852,0.6685917888524588
0.5786802030456852,0.680135826069969
0.4467005076142132,0.6490259035709145
0.467005076142132,0.6369460273960861
0.4416243654822335,0.6643885650531645
0.4365482233502538,0.6339804482255005
0.5431472081218274,0.6328865832976557
0.5126903553299492,0.651548155802442
0.5177664974619289,0.6535359417024824
0.3705583756345177,0.6863161442182829
0.5126903553299492,0.6555137223775531
0.5076142131979695,0.6749837209034538
0.4213197969543147,0.6521118037838557
0.4111675126903553,0.69743761970736
0.4517766497461929,0.6889960708848151
0.4619289340101523,0.6450584207324747
0.3959390862944162,0.6357460006394333
0.3857868020304568,0.6177033124001313
0.5177664974619289,0.6224966251036363
0.4010152284263959,0.666464001897605
0.4314720812182741,0.6369588932028695
0.5177664974619289,0.6662596257097515
0.4771573604060913,0.6596522927010582
0.5583756345177665,0.6884676072657661
0.4873096446700508,0.6443910115436206
0.3857868020304568,0.6151946057805373
0.4720812182741117,0.6270389102893335
0.416243654822335,0.6198287307140949
0.3604060913705584,0.6082143709054094
0.4213197969543147,0.6178614920138139
0.467005076142132,0.6104036252273894
0.365482233502538,0.6161021752769478
0.3705583756345177,0.6146644234129214
0.3908629441624365,0.6219910726694825
0.4974619289340101,0.6684645448521388
0.4923857868020304,0.6482793748858319
0.4923857868020304,0.6547705569558088
0.3705583756345177,0.6556761853369218
0.4263959390862944,0.6290967694996701
0.5228426395939086,0.7060653048078513
0.5228426395939086,0.6887037880550386
0.4010152284263959,0.6326203729547737
0.4771573604060913,0.6682994256525872
0.467005076142132,0.6596750698630711
0.4720812182741117,0.6729909755285008
0.4619289340101523,0.6565973305925445
0.4263959390862944,0.6678129957378752
0.3756345177664975,0.6529523225259671
0.350253807106599,0.6716942440157313
0.3908629441624365,0.6551648460523715
0.4467005076142132,0.6637923651574541
0.4923857868020304,0.6853689189672986
0.4365482233502538,0.6817462015954482
0.4213197969543147,0.6491469166599237
0.4213197969543147,0.6469355830980764
0.5177664974619289,0.673994693770464
0.3604060913705584,0.6508260040729468
0.4467005076142132,0.6670533548835726
0.4568527918781725,0.6488646992444442
0.4873096446700508,0.6780742904895052
0.4365482233502538,0.6478048015445357
0.6649746192893401,0.7061528238087916
0.5431472081218274,0.7350578529328564
0.6091370558375635,0.70080668971557
0.4771573604060913,0.6685227922645511
0.5888324873096447,0.6851367736234668
0.482233502538071,0.666871005776518
0.583756345177665,0.6901744937913479
0.5279187817258884,0.6638110646759328
0.6091370558375635,0.7441581330581205
0.4619289340101523,0.7064595362909417
0.4974619289340101,0.6640544532162685
0.4263959390862944,0.6476650851997955
0.4974619289340101,0.6685454481121168
0.5329949238578681,0.6635772473740793
0.5431472081218274,0.6912128496479242
0.6294416243654822,0.7062644460474341
0.4873096446700508,0.6584077600639517
0.4213197969543147,0.6473256249751413
0.4060913705583756,0.6383237057563986
0.4923857868020304,0.664299199825112
0.4923857868020304,0.6560231091790993
0.4619289340101523,0.6536847134569037
0.5431472081218274,0.6808471810077987
0.4873096446700508,0.6861171539090095
0.4568527918781725,0.6419589397584808
0.4619289340101523,0.6561653815861757
0.4213197969543147,0.632769936204679
0.4517766497461929,0.649102686881919
0.4060913705583756,0.6642199749025198
0.4568527918781725,0.6682547118436692
0.5025380710659898,0.6453732657374782
0.4720812182741117,0.6529940465270273
0.4365482233502538,0.6401178735753883
0.4720812182741117,0.6466361152980195
0.5177664974619289,0.6522347776068256
0.5025380710659898,0.6528032088380091
0.5989847715736041,0.6499117009349689
0.5076142131979695,0.6286521808579292
0.6345177664974619,0.7409080758174778
0.416243654822335,0.6519630297717234
0.4619289340101523,0.6422432047322462
0.4060913705583756,0.6436579354734959
0.4568527918781725,0.6658957854424453
0.4365482233502538,0.6544921250977838
0.5126903553299492,0.6755467529981667
0.4873096446700508,0.6868588327729068
0.4060913705583756,0.6420542207138896
0.3705583756345177,0.6568027666060463
0.4568527918781725,0.6808962306365096
0.482233502538071,0.6709385954703464
0.5431472081218274,0.6677631983202367
0.4873096446700508,0.6571681690323204
0.5279187817258884,0.6811311488687559
0.4365482233502538,0.6467066146352063
0.4720812182741117,0.6420526343830323
0.4416243654822335,0.6696485811206224
0.4771573604060913,0.6485875207753502
0.4517766497461929,0.6207152060016462
0.4213197969543147,0.6381986862273841
0.4416243654822335,0.6505297333534489
0.4111675126903553,0.6431173847789661
0.5380710659898477,0.657834115074394
0.4060913705583756,0.6432164273900234
0.4467005076142132,0.6477285076765177
0.4619289340101523,0.639972432120953
0.4111675126903553,0.6792297381044136
0.4974619289340101,0.681082410691012
0.467005076142132,0.6921402108983357
0.4720812182741117,0.671209864418937
0.3857868020304568,0.6652096239911982
0.4974619289340101,0.6532902842170112
0.3807106598984771,0.6369610867431342
0.4619289340101523,0.6307363725001974
0.3959390862944162,0.5573533930405558
0.3807106598984771,0.6192422091332495
0.4060913705583756,0.5675268447314101
0.4060913705583756,0.549345369293255
0.3553299492385787,0.5878570350747723
0.3705583756345177,0.5835267655146775
0.4416243654822335,0.6183202405099824
0.3604060913705584,0.59318371815367
0.3705583756345177,0.6214556403984274
0.3248730964467005,0.6068477484781315
0.3350253807106599,0.6130211315466159
0.2030456852791878,0.5749763104503084
0.2284263959390862,0.5875891270037965
0.233502538071066,0.5672432363730477
0.1522842639593908,0.5675702058183454
0.248730964467005,0.5927581149446624
0.248730964467005,0.5637009496498667
0.3350253807106599,0.6058695810671031
0.3401015228426396,0.6351693082560523
0.2639593908629442,0.6411366300884316
0.4213197969543147,0.6353265119174488
0.3096446700507614,0.6511397893966213
0.4060913705583756,0.638088893147366
0.3248730964467005,0.6354208990050169
0.3197969543147208,0.6372868075030741
0.3045685279187817,0.6284979955893174
0.3248730964467005,0.6261038943581448
0.3857868020304568,0.6517669976521705
0.2131979695431472,0.6284156195368908
0.2182741116751269,0.6587199700281641
0.2741116751269035,0.6712935896972416
0.3096446700507614,0.6805095051769434
0.3807106598984771,0.6640724288948506
0.3299492385786802,0.6516401020887895
0.3248730964467005,0.6472424714095469
0.299492385786802,0.6422776132577714
0.3096446700507614,0.6218845108335515
0.2690355329949238,0.6074954571896515
0.2741116751269035,0.6127564292923726
0.2791878172588832,0.6354639442635317
0.1725888324873096,0.574215416409963
0.2030456852791878,0.583003220881101
0.1878172588832487,0.5813966368697188
0.1472081218274111,0.5751437431284624
0.1928934010152284,0.5895211504891146
0.3096446700507614,0.6243948023479649
0.2690355329949238,0.5791329108819927
0.3197969543147208,0.5702966856255404
0.1725888324873096,0.5903456742709497
0.2538071065989847,0.6104961272347439
0.2944162436548223,0.548958117149628
0.2081218274111675,0.5606810268763455
0.2893401015228426,0.5881169803020875
0.233502538071066,0.5954108134142128
0.299492385786802,0.5899327097516787
0.3756345177664975,0.6025081690048628
0.2233502538071066,0.5721538136952623
0.1979695431472081,0.5958719005321437
0.2233502538071066,0.5636725009321351
0.2639593908629442,0.5694031714683115
0.1928934010152284,0.566811632901253
0.299492385786802,0.5840581679465544
0.1878172588832487,0.6592706838732203
0.2639593908629442,0.6121711142549202
0.299492385786802,0.6398258888788869
0.2233502538071066,0.6583662494460691
0.248730964467005,0.6188605492191076
0.2233502538071066,0.6234067152831216
0.1878172588832487,0.6318432665000826
0.2030456852791878,0.6081330414230531
0.3147208121827411,0.5378925912058703
0.1776649746192893,0.5670601019064565
0.2436548223350254,0.5728027508194815
0.4873096446700508,0.5792754831082816
0.3350253807106599,0.603275077708682
0.3604060913705584,0.5926087549520417
0.3807106598984771,0.5821518865205539
0.3553299492385787,0.5937769127869442
0.3045685279187817,0.5619277305768601
0.3096446700507614,0.5413543314782889
0.233502538071066,0.5301057015299743
0.3096446700507614,0.5889041657152456
0.350253807106599,0.5920729144300481
0.365482233502538,0.6248041574586314
0.2284263959390862,0.5539636389417718
0.1624365482233502,0.5596177465078478
0.2588832487309644,0.5682121350952569
0.1878172588832487,0.5626045902089615
0.2893401015228426,0.5734220204110679
0.2182741116751269,0.5436605617795254
0.1573604060913705,0.5490737590894166
0.3045685279187817,0.579670288674641
0.2538071065989847,0.5696359160637524
0.2131979695431472,0.5732356066036686
0.2233502538071066,0.578167031924865
0.3045685279187817,0.5803903907032006
0.299492385786802,0.5811129409352869
0.2741116751269035,0.584357346933881
0.2233502538071066,0.5693981037369393
0.2588832487309644,0.5806195176147197
0.2284263959390862,0.5609843688193376
0.233502538071066,0.5346112305651479
0.3096446700507614,0.5987493718734236
0.248730964467005,0.5757626461680343
0.3045685279187817,0.5721009872549516
0.2944162436548223,0.565605763125444
0.2081218274111675,0.5555633298767605
0.2842639593908629,0.5742337389010088
0.1725888324873096,0.5607642735493951
0.2690355329949238,0.5782166833646151
0.3350253807106599,0.5755885039685881
0.2284263959390862,0.5766502752509148
0.2233502538071066,0.5459632309533212
0.182741116751269,0.5843461406964874
0.3299492385786802,0.5957255617087667
0.2791878172588832,0.5863343202803908
0.2791878172588832,0.5768685423390021
0.2842639593908629,0.5902033603812247
0.3350253807106599,0.5847859790574607
0.2690355329949238,0.67654495233761
0.2030456852791878,0.6410270082891076
0.3197969543147208,0.6249202852979474
0.2842639593908629,0.6330431865796169
0.4314720812182741,0.6598365830688675
0.350253807106599,0.6250037869757962
0.3451776649746192,0.6301698390644968
0.3248730964467005,0.6270520302151158
0.3604060913705584,0.6347755104666778
0.1928934010152284,0.6327523800544703
0.248730964467005,0.6055261587066663
0.3604060913705584,0.6589432824538588
0.1421319796954314,0.6355476820141865
0.3299492385786802,0.6508895052582554
0.2791878172588832,0.5870118685075925
0.248730964467005,0.6151566937566536
0.3147208121827411,0.61632763829542
0.1878172588832487,0.5827505761093847
0.2131979695431472,0.5952644123636182
0.2791878172588832,0.6293584183798829
0.0913705583756345,0.598590693044531
0.2385786802030456,0.6238426847742129
0.4365482233502538,0.647147755215424
0.3299492385786802,0.6300305517779131
0.3857868020304568,0.6142072859846446
0.3299492385786802,0.6253759339717604
0.3299492385786802,0.6173132059039106
0.365482233502538,0.6439146079221759
0.3197969543147208,0.6612870785462988
0.2944162436548223,0.6609433746866226
0.248730964467005,0.5984522295700753
0.233502538071066,0.6124151144398746
0.2182741116751269,0.6159669147387749
0.2639593908629442,0.6513652146358895
0.3248730964467005,0.6684364664320954
0.350253807106599,0.6739984212190175
0.3857868020304568,0.6799165531039426
0.299492385786802,0.7057957815005061
0.3045685279187817,0.7003879582089151
0.3604060913705584,0.6522283879772208
0.1928934010152284,0.6205841891472242
0.2842639593908629,0.6366261428630164
0.1725888324873096,0.6084209281186519
0.1928934010152284,0.6150468962621837
0.2639593908629442,0.6442174873886728
0.3299492385786802,0.6602803911904315
0.3197969543147208,0.6161338409122092
0.2893401015228426,0.6062090711618038
0.2791878172588832,0.6176838993716256
0.2893401015228426,0.640985202345937
0.2081218274111675,0.5969710276814748
0.2385786802030456,0.6472226933660957
0.4314720812182741,0.6233575596779218
0.5888324873096447,0.6805099847768311
0.5025380710659898,0.6250467787222825
0.4365482233502538,0.6075565532666728
0.3908629441624365,0.5757566194010321
0.482233502538071,0.6279518344732379
0.4771573604060913,0.5850600881229722
0.467005076142132,0.5811739132077642
0.4720812182741117,0.6182226291478242
0.4974619289340101,0.5809985989472288
0.4416243654822335,0.5986796372315667
0.5126903553299492,0.6118562023690539
0.4873096446700508,0.5748435886936825
0.5126903553299492,0.6201238096229778
0.4010152284263959,0.5903759788459608
0.4060913705583756,0.5887595652786534
0.4771573604060913,0.6032001106800656
0.4873096446700508,0.6413289033928846
0.482233502538071,0.626151342813805
0.4111675126903553,0.6256351737405319
0.4619289340101523,0.662529592336808
0.5025380710659898,0.6512768007135102
0.5228426395939086,0.6335937316664535
0.4517766497461929,0.6778208988830423
0.4568527918781725,0.6245607842038845
0.4720812182741117,0.6128547929699334
0.4771573604060913,0.6531287700518089
0.5583756345177665,0.6793662137506671
0.4517766497461929,0.6432273229533265
0.467005076142132,0.636347098493429
0.5786802030456852,0.6411153964404688
0.467005076142132,0.7033242071851185
0.4467005076142132,0.6184977801819999
0.3401015228426396,0.5982773816442114
0.4771573604060913,0.6381323112580685
0.4923857868020304,0.6167369032715161
0.4365482233502538,0.6292640384897997
0.4771573604060913,0.6362946046878694
0.5177664974619289,0.6239525162348282
0.5786802030456852,0.7259172564178153
0.4619289340101523,0.6193327512121226
0.4619289340101523,0.6279032841290624
0.4568527918781725,0.5921980330752532
0.4517766497461929,0.6614235780497442
0.4771573604060913,0.6288722671056446
0.5482233502538071,0.6489403676769538
0.4873096446700508,0.6609460887012584
0.4365482233502538,0.6522076811749662
0.4314720812182741,0.6203907077038513
0.467005076142132,0.623625288074545
0.3857868020304568,0.611983860865206
0.4060913705583756,0.6114976299031105
0.4263959390862944,0.6258733497261437
0.4365482233502538,0.6392745513011582
0.4974619289340101,0.644182501294354
0.5177664974619289,0.6664065383139326
0.4263959390862944,0.6342874322657346
0.4923857868020304,0.6501474291994062
0.4873096446700508,0.646604320705014
0.4771573604060913,0.6127591914069495
0.416243654822335,0.6294050589087617
0.3807106598984771,0.6346516839832604
0.4314720812182741,0.6365347666710476
0.4619289340101523,0.6686314299189055
0.4923857868020304,0.6357855972632609
0.4213197969543147,0.6468970659257871
0.4619289340101523,0.6498833225089857
0.416243654822335,0.6364027162210761
0.416243654822335,0.6401868615972659
0.4365482233502538,0.6290008927893387
0.4517766497461929,0.6481389745826802
0.4619289340101523,0.6334967720494575
0.5634517766497462,0.6731909388816965
0.5431472081218274,0.6424869625305624
0.4365482233502538,0.6435555446834551
0.4923857868020304,0.6787239185418423
0.5025380710659898,0.6155628884731973
0.5634517766497462,0.6480121933276322
0.6548223350253807,0.6297322799219879
0.5126903553299492,0.6394000313003574
0.5177664974619289,0.652363795460194
0.4974619289340101,0.6618405463130004
0.6294416243654822,0.6436992012583624
0.5177664974619289,0.6447118999528003
0.4568527918781725,0.602780418704171
0.4873096446700508,0.6398596582493665
0.3807106598984771,0.6269903293930178
0.4771573604060913,0.6227873696343191
0.3807106598984771,0.6092416991155971
0.5126903553299492,0.6459990927572309
0.416243654822335,0.6496959838563992
0.4974619289340101,0.6322640296066695
0.4467005076142132,0.6014220014816951
0.5076142131979695,0.6394859293202969
0.482233502538071,0.628234092506716
0.4060913705583756,0.6079076196116657
0.4619289340101523,0.6266960245066071
0.5126903553299492,0.6266372808680044
0.4365482233502538,0.6004160653235981
0.6192893401015228,0.6890784646536721
0.5532994923857868,0.6888948960030116
0.5279187817258884,0.6820911954915906
0.5279187817258884,0.7044184082653804
0.4568527918781725,0.6398862102155021
0.3705583756345177,0.6463395229185949
0.4416243654822335,0.6487097545900444
0.4213197969543147,0.6676300114358981
0.4213197969543147,0.6682539274370258
0.4974619289340101,0.6691419016418436
0.4517766497461929,0.6776977141755104
0.4873096446700508,0.6669691599016656
0.4873096446700508,0.6720020244078907
0.4568527918781725,0.6480191900211031
0.4974619289340101,0.673617809395346
0.4771573604060913,0.6881234992903135
0.4619289340101523,0.6724805246643851
0.4974619289340101,0.6796612031626978
0.4314720812182741,0.6659015629477387
0.4517766497461929,0.6846399849004878
0.4365482233502538,0.6886975527359384
0.4060913705583756,0.6984652983809376
0.4467005076142132,0.6956596768264127
0.4923857868020304,0.737840349823653
0.4010152284263959,0.6824013823862594
0.467005076142132,0.6687895407630295
0.4568527918781725,0.6403862943972402
0.4568527918781725,0.6830337082429963
0.5279187817258884,0.6997817127193342
0.5076142131979695,0.6551747674733612
0.467005076142132,0.6544965310504618
0.4619289340101523,0.655254204456197
0.5329949238578681,0.6503981223026701
0.4263959390862944,0.6363341712851251
0.3908629441624365,0.6475586292475182
0.4619289340101523,0.6669874291580884
0.5025380710659898,0.6104528901940481
0.4467005076142132,0.6497907313722107
0.649746192893401,0.6803258100095381
0.4314720812182741,0.6748735033232289
0.4111675126903553,0.7084400292155856
0.5228426395939086,0.6879072217584694
0.4974619289340101,0.661909167396597
0.4619289340101523,0.6447474326198823
0.4974619289340101,0.6624516557612847
0.5329949238578681,0.6590955742979863
0.5329949238578681,0.6520495585668029
0.4060913705583756,0.6360026979503575
0.5076142131979695,0.6477286805539475
0.482233502538071,0.6622608645582219
0.3857868020304568,0.6415473347747807
0.4974619289340101,0.6698492000205684
0.4060913705583756,0.6486143463525174
0.3959390862944162,0.6382033503113567
0.4619289340101523,0.6256312574929526
0.482233502538071,0.6517397120320991
0.3908629441624365,0.6448854225138702
0.4974619289340101,0.6551684589840957
0.5431472081218274,0.7052381818860749
0.5482233502538071,0.6912823197662599
0.5939086294416244,0.7127394797063278
0.5228426395939086,0.6651673801654924
0.4619289340101523,0.6892512265357239
0.5583756345177665,0.7102991094753717
0.5634517766497462,0.6717296499000873
0.4873096446700508,0.6569875176152977
0.6243654822335025,0.6760596548715333
0.5177664974619289,0.6499279377951082
0.416243654822335,0.6396777505627069
0.4416243654822335,0.6506040499457536
0.6091370558375635,0.6438469445411168
0.5228426395939086,0.6313454626276125
0.4873096446700508,0.6410069316416803
0.4771573604060913,0.6529041740296901
0.4873096446700508,0.6532774075389974
0.5025380710659898,0.6290093044038838
0.5177664974619289,0.6400014803648091
0.5532994923857868,0.6547204247884386
0.5279187817258884,0.6750900589625112
0.5329949238578681,0.657361097241477
0.482233502538071,0.6663121719455161
0.5329949238578681,0.6555489081254908
0.416243654822335,0.6546003199945787
0.5888324873096447,0.6777392617474889
0.4568527918781725,0.6591112755730308
0.467005076142132,0.6608288467403833
0.5025380710659898,0.6623781168259528
0.3756345177664975,0.6475813047903738
0.4568527918781725,0.6842329265393513
0.4619289340101523,0.6540732581069192
0.4263959390862944,0.6548514111970535
0.365482233502538,0.6302696398753962
0.4416243654822335,0.6464862034921263
0.5126903553299492,0.6572900946382381
0.482233502538071,0.6743479340145684
0.5431472081218274,0.7519317594915473
0.5482233502538071,0.6534893602257886
0.3807106598984771,0.6467420909935354
0.4517766497461929,0.6463764920599472
0.4111675126903553,0.6371284277470979
0.3756345177664975,0.6492296477331492
0.4619289340101523,0.6882098372935784
0.3959390862944162,0.6520001684238629
0.3959390862944162,0.6340406657255215
0.4213197969543147,0.6526144758006436
0.4213197969543147,0.6388159921955197
0.4314720812182741,0.6473237479269853
0.4111675126903553,0.6559647523337375
0.4873096446700508,0.6820001543259584
0.3451776649746192,0.6133580451871492
0.416243654822335,0.6498200134706945
0.4314720812182741,0.6282969263130118
0.4213197969543147,0.6351497699417001
0.5989847715736041,0.664885591881073
0.482233502538071,0.6540603248810726
0.4365482233502538,0.7020089157660432
0.4467005076142132,0.6340477870324519
0.4467005076142132,0.6510528543261365
0.5025380710659898,0.6628143931250452
0.3705583756345177,0.6115295316648957
0.4873096446700508,0.6720150855274923
0.4060913705583756,0.6045905302344188
0.4619289340101523,0.6639555337250801
0.3807106598984771,0.6418924692076805
0.3857868020304568,0.6240437868264772
0.4467005076142132,0.6210554344042518
0.4517766497461929,0.64273396842133
0.3857868020304568,0.6270714123558532
0.3959390862944162,0.6367355688447075
0.4416243654822335,0.6355823318479151
0.416243654822335,0.636279808713808
0.4213197969543147,0.6307037292703815
0.5329949238578681,0.6291985608592164
0.5076142131979695,0.5950457111199607
0.4010152284263959,0.6213985873936522
0.3908629441624365,0.6193440987149023
0.482233502538071,0.6380655932658957
0.3908629441624365,0.6090483081026162
0.4213197969543147,0.6255510636204888
0.4467005076142132,0.628521313414512
0.3756345177664975,0.6297185170572994
0.3959390862944162,0.6601411057979713
0.4314720812182741,0.6410630998264992
0.4263959390862944,0.6319072733304449
0.4771573604060913,0.6668302651698365
0.5279187817258884,0.6214692465347218
0.4720812182741117,0.6387051652939353
0.5431472081218274,0.6222479712757921
0.5177664974619289,0.7275561727864814
0.5482233502538071,0.6695065913401634
0.467005076142132,0.6769076035832587
0.6192893401015228,0.6901917428000108
0.4619289340101523,0.7025059044400096
0.4111675126903553,0.6390169555987452
0.3807106598984771,0.6674010107250853
0.4517766497461929,0.677551174255177
0.4314720812182741,0.7016759891995228
0.4416243654822335,0.6622980214560001
0.4314720812182741,0.6870152004289233
0.3908629441624365,0.6999828456857611
0.416243654822335,0.6871527004409627
0.482233502538071,0.7006876978291123
0.4568527918781725,0.6976894522652795
0.5076142131979695,0.6852311937907977
0.4416243654822335,0.6662293959957664
0.4010152284263959,0.6612890532943052
0.4517766497461929,0.6820675783717024
0.467005076142132,0.6894706437714796
0.4720812182741117,0.6753106037342717
0.416243654822335,0.6680582759157828
0.482233502538071,0.6750096679173475
0.4111675126903553,0.6869526284531947
0.4365482233502538,0.6887431542718422
0.4314720812182741,0.6758983581754856
0.4923857868020304,0.6907315337299713
0.4010152284263959,0.6659673546247289
0.4720812182741117,0.6873311119975781
0.3857868020304568,0.6710658605204284
0.5685279187817259,0.7587359614187854
0.4467005076142132,0.6677496368300744
0.4213197969543147,0.9468284742151756
0.4517766497461929,0.6674654669769033
0.3807106598984771,0.6677993663972948
0.4213197969543147,0.6596580394000425
0.482233502538071,0.6969100348522688
0.4213197969543147,0.6774190978261856
0.4619289340101523,0.6820320750491178
0.467005076142132,0.677198781843645
0.4111675126903553,0.657281417461071
0.3604060913705584,0.6906114097117896
0.4416243654822335,0.6927564384095197
0.4619289340101523,0.6700009072705204
0.3553299492385787,0.6152620120728968
0.4873096446700508,0.6352241340288078
0.5939086294416244,0.6045008141485025
0.4568527918781725,0.648329376456505
0.5126903553299492,0.5909851226713972
0.482233502538071,0.616269775170667
0.3959390862944162,0.5851637714380213
0.3908629441624365,0.607216840789639
0.482233502538071,0.5964822884114975
0.4416243654822335,0.5888505246840054
0.4111675126903553,0.5914351243824828
0.4416243654822335,0.57192906175819
0.4213197969543147,0.5794531998095124
0.5076142131979695,0.6072872253848498
0.4923857868020304,0.6151457296782116
0.5583756345177665,0.6235501993078986
0.5685279187817259,0.6062097859681522
0.4517766497461929,0.6417796503777794
0.4365482233502538,0.6129987789368612
0.7106598984771574,0.6528058540393867
0.5888324873096447,0.620563219494182
0.5228426395939086,0.5956966487216442
0.5177664974619289,0.6448134409556538
0.0253807106598984,0.7415292236755617
0.5076142131979695,0.5969613937318566
0.4060913705583756,0.5889376644812616
0.3451776649746192,0.5778540972107816
0.5634517766497462,0.6014899022661938
0.4213197969543147,0.6135024403025429
0.3857868020304568,0.6188199854073779
0.4365482233502538,0.6032925325011091
0.5025380710659898,0.6268788734152121
0.4263959390862944,0.5751825243588695
0.3045685279187817,0.6029982585278915
0.4619289340101523,0.5789915864205419
0.4010152284263959,0.5765699722192704
0.4923857868020304,0.5788868114099148
0.5431472081218274,0.5960925524112994
0.4111675126903553,0.5719022738330702
0.4720812182741117,0.5946663122104751
0.5025380710659898,0.5704919530837206
0.5380710659898477,0.6221723338527688
0.4467005076142132,0.59555989143159
0.5380710659898477,0.6128512130242776
0.4619289340101523,0.6222411664362529
0.3908629441624365,0.6008530771397868
0.4974619289340101,0.5756123527865813
0.4467005076142132,0.5795485044549014
0.5532994923857868,0.6782941558707262
0.467005076142132,0.6306154189542303
0.4213197969543147,0.6024336053543808
0.416243654822335,0.5960367273758497
0.4060913705583756,0.5768183476245393
0.350253807106599,0.5698614537964258
0.4517766497461929,0.6083594469533413
0.4263959390862944,0.5868372320025234
0.350253807106599,0.5769642412870409
0.4873096446700508,0.5995929094312044
0.4619289340101523,0.5953909853653754
0.4974619289340101,0.6088464535560139
0.5126903553299492,0.6072766593519818
0.5736040609137056,0.5796633513487947
0.4365482233502538,0.5505415064036788
0.4619289340101523,0.581638624714872
0.467005076142132,0.5585541975880318
0.4467005076142132,0.5580968305742211
0.5329949238578681,0.6156655878668411
0.3908629441624365,0.6027725801023022
0.4213197969543147,0.5971243828428128
0.5076142131979695,0.6101454899149197
0.4619289340101523,0.6145486799764571
0.4720812182741117,0.5923642494855883
0.3756345177664975,0.5802804469512989
0.4111675126903553,0.5720750580570159
0.4111675126903553,0.6175922337252155
0.4213197969543147,0.5742504608103706
0.5888324873096447,0.6373722633644713
0.3908629441624365,0.575306386409255
0.4720812182741117,0.5895866142705406
0.4060913705583756,0.6294461135870947
0.3451776649746192,0.5775223919745704
0.3756345177664975,0.6001108053130583
0.4467005076142132,0.594150221422915
0.467005076142132,0.5931660926103324
0.416243654822335,0.5858907016660081
0.4619289340101523,0.6021158275055116
0.0101522842639593,0.6035814982959046
0.3857868020304568,0.588664379260531
0.5228426395939086,0.6562000618873659
0.4517766497461929,0.5928584703790458
0.4416243654822335,0.6241066177571584
0.4517766497461929,0.7121604311917105
0.3908629441624365,0.5826860608018962
0.3908629441624365,0.5434862682552712
0.3553299492385787,0.5546572642109022
0.3807106598984771,0.5772188870211622
0.4619289340101523,0.6586986954166701
0.4314720812182741,0.6245701110542672
0.3857868020304568,0.6524686830259092
0.4314720812182741,0.5934105044648896
0.482233502538071,0.6287919492057568
0.4568527918781725,0.6158898355267883
0.4467005076142132,0.6520119618483786
0.5583756345177665,0.6894020238613364
0.4467005076142132,0.6388071949383504
0.3807106598984771,0.6513799257948407
0.3705583756345177,0.6563355296068927
0.4365482233502538,0.6130078928187893
0.4771573604060913,0.6196319275839234
0.4771573604060913,0.6278606978721285
0.3908629441624365,0.6194077539940813
0.4974619289340101,0.6174244195583842
0.5786802030456852,0.6299035277044474
0.4619289340101523,0.5917397300850282
0.4263959390862944,0.6068443895819514
0.4314720812182741,0.6040147284211562
0.5126903553299492,0.6447781116250605
0.583756345177665,0.6384708855891541
0.467005076142132,0.6277478174167891
0.4365482233502538,0.6171065987321775
0.4517766497461929,0.6179496855350322
0.4060913705583756,0.6256277067230066
0.4467005076142132,0.6166216586806699
0.4314720812182741,0.6087906385991797
0.467005076142132,0.6299882521562935
0.4314720812182741,0.6204468959331538
0.4517766497461929,0.6284429778631964
0.4720812182741117,0.6297693962348693
0.4365482233502538,0.628860450882
0.467005076142132,0.6180783074758247
0.3807106598984771,0.6158049182468237
0.4314720812182741,0.6092340895591123
0.4263959390862944,0.6085562132158486
0.4619289340101523,0.6170908288506981
0.4060913705583756,0.6107870426689662
0.4619289340101523,0.6180610396810431
0.4619289340101523,0.6143100853710435
0.4416243654822335,0.5971150608510087
0.5329949238578681,0.6198180193899274
0.467005076142132,0.6243537474035465
0.4517766497461929,0.6099352953473232
0.4416243654822335,0.6127754474839513
0.467005076142132,0.6164431986451515
0.5482233502538071,0.6250320058635174
0.4416243654822335,0.6143993526438654
0.4873096446700508,0.6131444276267047
0.4517766497461929,0.6061134009884779
0.3705583756345177,0.6089001412710064
0.3908629441624365,0.6159380734285004
0.482233502538071,0.6612953049715214
0.4568527918781725,0.5959518268918749
0.4467005076142132,0.601637421178433
0.5228426395939086,0.6013224911793695
0.4416243654822335,0.6046496166720657
0.4923857868020304,0.6162347579136058
0.416243654822335,0.6016341042281321
0.4568527918781725,0.601555826698208
0.4619289340101523,0.5983263391073312
0.5532994923857868,0.650850489927908
0.4873096446700508,0.797299519986638
0.4111675126903553,0.6485087018631234
0.4467005076142132,0.6697283035760347
0.5076142131979695,0.6208892379172058
0.5380710659898477,0.6733747884890046
0.5634517766497462,0.6334144502225078
0.4720812182741117,0.6363586749327075
0.583756345177665,0.6689697458593171
0.5532994923857868,0.6524808774485862
0.5076142131979695,0.6218478269734966
0.5076142131979695,0.6130008783542256
0.467005076142132,0.6122786998001197
0.4111675126903553,0.6035423283069765
0.3959390862944162,0.6194713832671677
0.416243654822335,0.6209876528039187
0.4517766497461929,0.6702005112404348
0.4568527918781725,0.6254179639444815
0.4010152284263959,0.6066250338602999
0.467005076142132,0.6187824220275862
0.4213197969543147,0.5979363471131074
0.4010152284263959,0.6053681094921028
0.4923857868020304,0.6208811095534217
0.4365482233502538,0.6108568275535406
0.5532994923857868,0.6452511765870891
0.4568527918781725,0.6196841373960082
0.3401015228426396,0.6158486993264198
0.4619289340101523,0.6139688336688489
0.365482233502538,0.6080454228723212
0.4873096446700508,0.6379948588446321
0.4517766497461929,0.6129308771297934
0.4517766497461929,0.6047979571306743
0.4923857868020304,0.6095646840254793
0.5076142131979695,0.6040240010126515
0.4720812182741117,0.6317438981638888
0.4619289340101523,0.5982703149424383
0.4720812182741117,0.6160640014847946
0.4263959390862944,0.7237012780046173
0.5380710659898477,0.7270992531884346
0.6091370558375635,0.6613787873183825
0.4314720812182741,0.6832639485402303
0.3908629441624365,0.6590922043987094
0.4568527918781725,0.7037507179156506
0.5329949238578681,0.7267130822304184
0.4619289340101523,0.6853148606187528
0.3553299492385787,0.6275189185972664
0.5025380710659898,0.656589240111972
0.4720812182741117,0.6584293527084029
0.5634517766497462,0.7014165478783527
0.5279187817258884,0.6810135192995196
0.4365482233502538,0.6933795338551395
0.4568527918781725,0.6780098721568395
0.4771573604060913,0.7039391840947573
0.4873096446700508,0.6801697961031188
0.5025380710659898,0.6769044969732542
0.3604060913705584,0.6674885505283006
0.4974619289340101,0.6880140324025381
0.4568527918781725,0.6840040297029798
0.4467005076142132,0.6871579155172047
0.4873096446700508,0.6526646461363
0.4314720812182741,0.6739179477494495
0.4720812182741117,0.6894457293045053
0.4111675126903553,0.6670957990045446
0.5126903553299492,0.6804382570907357
0.5380710659898477,0.6720667689896318
0.5177664974619289,0.68863646003321
0.467005076142132,0.6834861964370416
0.4467005076142132,0.6686466795688439
0.365482233502538,0.6553061032813636
0.5025380710659898,0.6696101574261855
0.4365482233502538,0.6737689129505146
0.4467005076142132,0.6704891981817025
0.4010152284263959,0.6786230838959453
0.3756345177664975,0.6738470772571334
0.482233502538071,0.6940123001416145
0.3705583756345177,0.6853813037178075
0.5076142131979695,0.7019646052758048
0.3705583756345177,0.6884687091130826
0.5634517766497462,0.7429238277201998
0.5482233502538071,0.6810995668262361
0.4111675126903553,0.6739515789704518
0.4771573604060913,0.6993808133004362
0.4619289340101523,0.6991611578403578
0.5025380710659898,0.699032450851416
0.5939086294416244,0.7204587745329507
0.5177664974619289,0.7035049372778328
0.4568527918781725,0.6716087561237574
0.4720812182741117,0.6604549061750216
0.4416243654822335,0.6864033261400669
0.4619289340101523,0.6821212161104149
0.5380710659898477,0.6705192766406435
0.5076142131979695,0.6873655030653983
0.4111675126903553,0.6692357678043017
0.4060913705583756,0.6550487159685553
0.4263959390862944,0.6589781259742006
0.4416243654822335,0.6413842792354748
0.4010152284263959,0.6545058459315336
0.482233502538071,0.6466577864844986
0.4213197969543147,0.660311979241816
0.4517766497461929,0.6693937554407235
0.5177664974619289,0.6698974513111946
0.467005076142132,0.6579667869973841
0.4619289340101523,0.6736675300288261
0.4720812182741117,0.6738040219579962
0.5228426395939086,0.6627750081767398
0.4923857868020304,0.6865610872912661
0.3604060913705584,0.6597013211136546
0.5532994923857868,0.7011099334716204
0.5431472081218274,0.6790220845472872
0.4923857868020304,0.6798114147717452
0.5228426395939086,0.7081172867384234
0.5583756345177665,0.731536524512528
0.5126903553299492,0.6486825112450085
0.5583756345177665,0.7025999855008747
0.4619289340101523,0.6400298214854152
0.4974619289340101,0.6661821179810969
0.5685279187817259,0.7215352287907058
0.467005076142132,0.6637509142825081
0.4111675126903553,0.6523871356922917
0.4619289340101523,0.6739269883855732
0.5228426395939086,0.6517160847535365
0.4974619289340101,0.6785611943106713
0.4213197969543147,0.6563860507455597
0.4314720812182741,0.6537702416930025
0.4467005076142132,0.6715336403984911
0.5177664974619289,0.6838123602961679
0.4517766497461929,0.6615066248498761
0.4263959390862944,0.687349234208223
0.4923857868020304,0.659797537387923
0.5583756345177665,0.7117085469251205
0.5025380710659898,0.6694539846070542
0.4720812182741117,0.666102547805838
0.5380710659898477,0.681186598880822
0.5279187817258884,0.7014851037576403
0.5380710659898477,0.6881684433482285
0.4619289340101523,0.6770673134070142
0.4619289340101523,0.6816832484465546
0.5228426395939086,0.7255719943546459
0.5177664974619289,0.6651450886188769
0.4467005076142132,0.6403369571458569
0.4568527918781725,0.6772852716822189
0.4365482233502538,0.6698690842732102
0.4010152284263959,0.6819012999350686
0.482233502538071,0.6554657299707503
0.4720812182741117,0.6582641274324905
0.4619289340101523,0.6706731695621733
0.6345177664974619,0.6932455694524151
0.6142131979695431,0.6645283886634095
0.4467005076142132,0.6501528017803958
0.4010152284263959,0.6602538558192932
0.4974619289340101,0.6325032225502688
0.482233502538071,0.6501222777490058
0.4619289340101523,0.6884000194925356
0.416243654822335,0.6461733677558007
0.467005076142132,0.6475037206757195
0.4416243654822335,0.6746486747795827
0.4010152284263959,0.64943170502526
0.4517766497461929,0.6622929587478679
0.4467005076142132,0.6961238166690662
0.6142131979695431,0.6853945053158763
0.4263959390862944,0.6805234983462926
0.4923857868020304,0.7478213963629453
0.4974619289340101,0.6876241959563564
0.5228426395939086,0.7128876518834877
0.5532994923857868,0.6772300212954353
0.5380710659898477,0.6931759085748922
0.5076142131979695,0.6818815603243511
0.4467005076142132,0.6633879148435522
0.5177664974619289,0.6771616098345096
0.5685279187817259,0.6931307490175854
0.4720812182741117,0.6906928998648585
0.416243654822335,0.6905002497806784
0.4314720812182741,0.6779119283860098
0.4771573604060913,0.6660849581009912
0.5228426395939086,0.7080173078655151
0.467005076142132,0.6484857599266463
0.4517766497461929,0.6263213674116951
0.4517766497461929,0.6535842235635294
0.3857868020304568,0.6601414578515825
0.4568527918781725,0.6555722467629628
0.467005076142132,0.6609802330424672
0.416243654822335,0.6812773542549444
0.3908629441624365,0.7216849796237751
0.3807106598984771,0.6594860748055411
0.4467005076142132,0.6932117197356104
0.4720812182741117,0.6883795491434268
0.416243654822335,0.6856003084683058
0.5431472081218274,0.7012491238922306
0.583756345177665,0.7671359500899044
0.5786802030456852,0.7286051633919304
0.5431472081218274,0.7399705903620759
0.4314720812182741,0.6653536629396846
0.4619289340101523,0.7577114843934218
0.4467005076142132,0.6857770408855752
0.3857868020304568,0.6886981911809129
0.4416243654822335,0.7048347087028672
0.5279187817258884,0.7057065197558583
0.4619289340101523,0.7006648426925286
0.5532994923857868,0.7229698180131559
0.4416243654822335,0.6925841150108033
0.4467005076142132,0.6956777650904504
0.4619289340101523,0.7012234554339674
0.4010152284263959,0.6693222151119899
0.416243654822335,0.6882509860289823
0.4517766497461929,0.7721526359265072
0.3857868020304568,0.6737587689095615
0.4111675126903553,0.6472957572740178
0.4213197969543147,0.6699924278876195
0.4365482233502538,0.6797317864757358
0.5177664974619289,0.6975157864166927
0.4517766497461929,0.6805598112454256
0.4771573604060913,0.6794769283516088
0.467005076142132,0.6828968045687593
0.4111675126903553,0.6811982837589968
0.4720812182741117,0.7028518348540406
0.5025380710659898,0.6997026631698616
0.5583756345177665,0.6906598207954879
0.467005076142132,0.6966381048161167
0.4517766497461929,0.72621740935911
0.4467005076142132,0.6930340004469848
0.4517766497461929,0.6914160417771007
0.4111675126903553,0.6910625690080705
0.4923857868020304,0.6635262109263569
0.4568527918781725,0.6955715999289056
0.3756345177664975,0.6856763366169242
0.4213197969543147,0.6603914680933509
0.5532994923857868,0.6773573643215157
0.5025380710659898,0.6534249618818084
0.4213197969543147,0.6648446039210486
0.4314720812182741,0.6995907296688499
0.3756345177664975,0.6645276024324429
0.3807106598984771,0.6854529923770973
0.5025380710659898,0.6852469953803989
0.5076142131979695,0.7351825826285872
0.4873096446700508,0.6938478834220752
0.4467005076142132,0.6762751923526766
0.4517766497461929,0.6805592417701953
0.4771573604060913,0.7049705741560242
0.4771573604060913,0.6909704933276288
0.4720812182741117,0.6723244184151596
0.3756345177664975,0.6535074399775038
0.4111675126903553,0.6535814937070126
0.4619289340101523,0.6663231848613365
0.4263959390862944,0.6512854472313545
0.467005076142132,0.6768107478727674
0.583756345177665,0.7115865651895097
0.4619289340101523,0.6675916755666915
0.4619289340101523,0.6934662618683411
0.4263959390862944,0.6688541482671366
0.467005076142132,0.6799153161170896
0.4517766497461929,0.6656710364306632
0.5431472081218274,0.7247109979971325
0.5228426395939086,0.7198257396560028
